,Op Type,"Dimension(input, weight,output)",Bound,C/M ratio,Op Intensity,Latency (msec),Cycles,C Effcy,Flops (GFLOP),Input_a (MB),Input_w (MB),Output (MB),Total Data (MB),Throughput (Tflops),Roofline Throughput offchip (Tflops),Roofline Throughput onchip (Tflops),Compute Cycles,Memory Cycles,Sparsity,Total energy (mJ)
0,aten::_convolution,"([1, 3, 640, 640], [24, 3, 3, 3], [1, 24, 320, 320])",M,0.13168416946525693,17.99683649358511,0.00819344,7701.8336,1.0,0.1327104,1.2288,0.000648,2.4576,3.687048,16.1971528442266,16.1971528442266,16.1971528442266,1014.2095609756099,7701.8336,0.0,10356615.057035955
1,aten::batch_norm,"([1, 24, 320, 320], [1, 24, 320, 320])",M,0.0036585365853658543,0.5,0.010922666666666666,10267.306666666665,1.0,0.0049152,2.4576,0.0,2.4576,4.9152,0.45,0.45,0.45,37.56331707317074,10267.306666666665,0.0,0.0
2,aten::_convolution,"([1, 24, 320, 320], [24, 1, 3, 3], [1, 24, 320, 320])",M,0.032925382352076045,4.4998022547837255,0.010923146666666666,10267.757866666667,1.0,0.0442368,2.4576,0.000216,2.4576,4.915416,4.049822029305353,4.049822029305353,4.049822029305353,338.0698536585366,10267.757866666667,0.0,10356615.057019755
3,aten::batch_norm,"([1, 24, 320, 320], [1, 24, 320, 320])",M,0.0036585365853658543,0.5,0.010922666666666666,10267.306666666665,1.0,0.0049152,2.4576,0.0,2.4576,4.9152,0.45,0.45,0.45,37.56331707317074,10267.306666666665,0.0,0.0
4,aten::mean,"([1, 24, 320, 320], [1, 24, 1, 1])",M,7.14550948792659e-08,9.765529633499673e-06,0.005461386666666666,5133.703466666666,1.0,4.8e-08,2.4576,0.0,2.4e-05,2.457624,8.788976670149706e-06,8.788976670149706e-06,8.788976670149706e-06,0.00036682926829268293,5133.703466666666,0.0,0.0
5,aten::_convolution,"([1, 24, 1, 1], [24, 24, 1, 1], [1, 24, 1, 1])",M,0.006754221388367731,0.9230769230769231,1.3866666666666666e-06,1.3034666666666666,1.0,1.152e-06,2.4e-05,0.000576,2.4e-05,0.000624,0.8307692307692308,0.8307692307692308,0.8307692307692308,0.00880390243902439,1.3034666666666666,0.0,154980.04707476142
6,aten::_convolution,"([1, 24, 1, 1], [24, 24, 1, 1], [1, 24, 1, 1])",M,0.006754221388367731,0.9230769230769231,1.3866666666666666e-06,1.3034666666666666,1.0,1.152e-06,2.4e-05,0.000576,2.4e-05,0.000624,0.8307692307692308,0.8307692307692308,0.8307692307692308,0.00880390243902439,1.3034666666666666,0.0,154980.04707476142
7,aten::mul,"([1, 24, 320, 320], 1, [1, 24, 320, 320])",M,0.0036585358410348313,0.49999989827476027,0.01092266888888889,10267.308755555556,1.0,0.0049152,2.4576,1e-06,2.4576,4.915201,0.4499999084472842,0.4499999084472842,0.4499999084472842,37.56331707317074,10267.308755555556,0.0,3.75e-08
8,aten::_convolution,"([1, 24, 320, 320], [24, 24, 1, 1], [1, 24, 320, 320])",M,0.08779458962030937,11.998593914775613,0.010923946666666665,10268.509866666665,1.0,0.1179648,2.4576,0.000576,2.4576,4.915776,10.798734523298052,10.798734523298052,10.798734523298052,901.5196097560976,10268.509866666665,0.0,10356615.057033256
9,aten::batch_norm,"([1, 24, 320, 320], [1, 24, 320, 320])",M,0.0036585365853658543,0.5,0.010922666666666666,10267.306666666665,1.0,0.0049152,2.4576,0.0,2.4576,4.9152,0.45,0.45,0.45,37.56331707317074,10267.306666666665,0.0,0.0
10,aten::_convolution,"([1, 24, 320, 320], [96, 24, 1, 1], [1, 96, 320, 320])",M,0.14046146835273265,19.196400674873463,0.027311786666666667,25673.079466666666,1.0,0.4718592,2.4576,0.002304,9.8304,12.290304,17.276760607386116,17.276760607386116,17.276760607386116,3606.0784390243903,25673.079466666666,0.0,10356615.057098055
11,aten::_convolution,"([1, 96, 320, 320], [96, 1, 3, 3], [1, 96, 160, 160])",M,0.013169805705353416,1.7998734463983002,0.027308586666666666,25670.071466666664,1.0,0.0442368,9.8304,0.000864,2.4576,12.288864,1.6198861017584703,1.6198861017584703,1.6198861017584703,338.0698536585366,25670.071466666664,0.0,5239807.528538228
12,aten::batch_norm,"([1, 96, 160, 160], [1, 96, 160, 160])",M,0.0036585365853658543,0.5,0.010922666666666666,10267.306666666665,1.0,0.0049152,2.4576,0.0,2.4576,4.9152,0.45,0.45,0.45,37.56331707317074,10267.306666666665,0.0,0.0
13,aten::_convolution,"([1, 96, 160, 160], [32, 96, 1, 1], [1, 32, 160, 160])",M,0.17544527615116925,23.97752107399313,0.0072886044444444445,6851.2881777777775,1.0,0.1572864,2.4576,0.003072,0.8192,3.279872,21.579768966593818,21.579768966593818,21.579768966593818,1202.0261463414636,6851.2881777777775,0.0,5239807.528621029
14,aten::batch_norm,"([1, 32, 160, 160], [1, 32, 160, 160])",M,0.003658536585365854,0.5,0.003640888888888889,3422.4355555555553,1.0,0.0016384,0.8192,0.0,0.8192,1.6384,0.45,0.45,0.45,12.521105691056912,3422.4355555555553,0.0,0.0
15,aten::_convolution,"([1, 32, 160, 160], [64, 32, 1, 1], [1, 64, 160, 160])",M,0.15596758798562174,21.31557035803497,0.005465884444444445,5137.931377777778,1.0,0.1048576,0.8192,0.002048,1.6384,2.459648,19.184013322231472,19.184013322231472,19.184013322231472,801.3507642276423,5137.931377777778,0.0,5239807.528582628
16,aten::_convolution,"([1, 64, 160, 160], [64, 1, 3, 3], [1, 64, 160, 160])",M,0.032921042366314233,4.499209123396278,0.007283057777777777,6846.074311111111,1.0,0.0294912,1.6384,0.000576,1.6384,3.277376,4.04928821105665,4.04928821105665,4.04928821105665,225.3799024390244,6846.074311111111,0.0,5239807.528527428
17,aten::batch_norm,"([1, 64, 160, 160], [1, 64, 160, 160])",M,0.003658536585365854,0.5,0.007281777777777778,6844.871111111111,1.0,0.0032768,1.6384,0.0,1.6384,3.2768,0.45,0.45,0.45,25.042211382113823,6844.871111111111,0.0,0.0
18,aten::_convolution,"([1, 64, 160, 160], [32, 64, 1, 1], [1, 32, 160, 160])",M,0.15596758798562174,21.31557035803497,0.005465884444444445,5137.931377777778,1.0,0.1048576,1.6384,0.002048,0.8192,2.459648,19.184013322231472,19.184013322231472,19.184013322231472,801.3507642276423,5137.931377777778,0.0,5239807.528582628
19,aten::batch_norm,"([1, 32, 160, 160], [1, 32, 160, 160])",M,0.003658536585365854,0.5,0.003640888888888889,3422.4355555555553,1.0,0.0016384,0.8192,0.0,0.8192,1.6384,0.45,0.45,0.45,12.521105691056912,3422.4355555555553,0.0,0.0
20,aten::_convolution,"([1, 32, 160, 160], [160, 32, 1, 1], [1, 160, 160, 160])",M,0.194918910687546,26.63891779396462,0.010934044444444445,10278.001777777778,1.0,0.262144,0.8192,0.00512,4.096,4.92032,23.975026014568158,23.975026014568158,23.975026014568158,2003.3769105691056,10278.001777777778,0.0,5239807.528697828
21,aten::_convolution,"([1, 160, 160, 160], [160, 1, 3, 3], [1, 160, 80, 80])",M,0.013167028480556916,1.7994938923427786,0.011380977777777777,10698.119111111111,1.0,0.018432,4.096,0.00144,1.024,5.12144,1.6195445031085007,1.6195445031085007,1.6195445031085007,140.86243902439023,10698.119111111111,0.0,2681403.764306914
22,aten::batch_norm,"([1, 160, 80, 80], [1, 160, 80, 80])",M,0.0036585365853658534,0.5,0.004551111111111111,4278.044444444445,1.0,0.002048,1.024,0.0,1.024,2.048,0.45,0.45,0.45,15.651382113821137,4278.044444444445,0.0,0.0
23,aten::_convolution,"([1, 160, 80, 80], [48, 160, 1, 1], [1, 48, 80, 80])",M,0.26861912978594416,36.7112810707457,0.0029752888888888887,2796.7715555555556,1.0,0.098304,1.024,0.00768,0.3072,1.33888,33.040152963671126,33.040152963671126,33.040152963671126,751.2663414634146,2796.7715555555556,0.0,2681403.7645409144
24,aten::batch_norm,"([1, 48, 80, 80], [1, 48, 80, 80])",M,0.0036585365853658543,0.5,0.0013653333333333332,1283.4133333333332,1.0,0.0006144,0.3072,0.0,0.3072,0.6144,0.45,0.45,0.45,4.695414634146342,1283.4133333333332,0.0,0.0
25,aten::_convolution,"([1, 48, 80, 80], [120, 48, 1, 1], [1, 120, 80, 80])",M,0.24953428930381666,34.10301953818828,0.002402133333333333,2258.005333333333,1.0,0.073728,0.3072,0.00576,0.768,1.08096,30.69271758436945,30.69271758436945,30.69271758436945,563.4497560975609,2258.005333333333,0.0,2681403.7644689144
26,aten::_convolution,"([1, 120, 80, 80], [120, 1, 3, 3], [1, 120, 80, 80])",M,0.03290369385854839,4.49683816066828,0.0034157333333333334,3210.7893333333336,1.0,0.013824,0.768,0.00108,0.768,1.53708,4.047154344601451,4.047154344601451,4.047154344601451,105.64682926829268,3210.7893333333336,0.0,2681403.764293414
27,aten::batch_norm,"([1, 120, 80, 80], [1, 120, 80, 80])",M,0.0036585365853658534,0.5,0.0034133333333333333,3208.5333333333333,1.0,0.001536,0.768,0.0,0.768,1.536,0.45,0.45,0.45,11.738536585365853,3208.5333333333333,0.0,0.0
28,aten::_convolution,"([1, 120, 80, 80], [48, 120, 1, 1], [1, 48, 80, 80])",M,0.24953428930381666,34.10301953818828,0.002402133333333333,2258.005333333333,1.0,0.073728,0.768,0.00576,0.3072,1.08096,30.69271758436945,30.69271758436945,30.69271758436945,563.4497560975609,2258.005333333333,0.0,2681403.7644689144
29,aten::layer_norm,"([1, 80, 80, 48], [1, 80, 80, 48])",M,0.0036585365853658543,0.5,0.0013653333333333332,1283.4133333333332,1.0,0.0006144,0.3072,0.0,0.3072,0.6144,0.45,0.45,0.45,4.695414634146342,1283.4133333333332,0.0,0.0
30,aten::_convolution,"([1, 48, 80, 80], [288, 48, 1, 1], [1, 288, 80, 80])",M,0.2991223666672437,40.88005677785664,0.004809386666666667,4520.823466666668,1.0,0.1769472,0.3072,0.013824,1.8432,2.164224,36.79205110007097,36.79205110007097,36.79205110007097,1352.2794146341464,4520.823466666668,0.0,2681403.7647713143
31,aten::_convolution,"([1, 288, 80, 80], [288, 1, 5, 5], [1, 288, 40, 40])",M,0.036471392751310686,4.984423676012461,0.005136,4827.84,1.0,0.02304,1.8432,0.0072,0.4608,2.3112,4.485981308411215,4.485981308411215,4.485981308411215,176.0780487804878,4827.84,0.0,1402201.882396457
32,aten::batch_norm,"([1, 288, 40, 40], [1, 288, 40, 40])",M,0.0036585365853658534,0.5,0.002048,1925.1200000000001,1.0,0.0009216,0.4608,0.0,0.4608,0.9216,0.45,0.45,0.45,7.043121951219512,1925.1200000000001,0.0,0.0
33,aten::_convolution,"([1, 288, 40, 40], [80, 288, 1, 1], [1, 80, 40, 40])",M,0.44086131237881415,60.2510460251046,0.0013596444444444445,1278.0657777777778,1.0,0.073728,0.4608,0.02304,0.128,0.61184,54.22594142259414,54.22594142259414,54.22594142259414,563.4497560975609,1278.0657777777778,0.0,1402201.882990457
34,aten::layer_norm,"([1, 40, 40, 80], [1, 40, 40, 80])",M,0.0036585365853658534,0.5,0.0005688888888888889,534.7555555555556,1.0,0.000256,0.128,0.0,0.128,0.256,0.45,0.45,0.45,1.9564227642276422,534.7555555555556,0.0,0.0
35,aten::mul,"(1, 1, 1)",M,0.0024390243902439024,0.3333333333333333,6.666666666666667e-09,0.006266666666666667,1.0,2e-09,1e-06,1e-06,1e-06,3e-06,0.3,0.3,0.3,1.5284552845528455e-05,0.006266666666666667,0.0,3.75e-08
36,aten::mul,"(1, 1, 1)",M,0.0024390243902439024,0.3333333333333333,6.666666666666667e-09,0.006266666666666667,1.0,2e-09,1e-06,1e-06,1e-06,3e-06,0.3,0.3,0.3,1.5284552845528455e-05,0.006266666666666667,0.0,3.75e-08
37,aten::mul,"(1, 1, 1)",M,0.0024390243902439024,0.3333333333333333,6.666666666666667e-09,0.006266666666666667,1.0,2e-09,1e-06,1e-06,1e-06,3e-06,0.3,0.3,0.3,1.5284552845528455e-05,0.006266666666666667,0.0,3.75e-08
38,aten::mul_,"(1, 1, 1)",M,0.0024390243902439024,0.3333333333333333,6.666666666666667e-09,0.006266666666666667,1.0,2e-09,1e-06,1e-06,1e-06,3e-06,0.3,0.3,0.3,1.5284552845528455e-05,0.006266666666666667,0.0,3.75e-08
39,aten::mul_,"(1, 1, 1)",M,0.0024390243902439024,0.3333333333333333,6.666666666666667e-09,0.006266666666666667,1.0,2e-09,1e-06,1e-06,1e-06,3e-06,0.3,0.3,0.3,1.5284552845528455e-05,0.006266666666666667,0.0,3.75e-08
40,aten::mul,"(1, 1, 1)",M,0.0024390243902439024,0.3333333333333333,6.666666666666667e-09,0.006266666666666667,1.0,2e-09,1e-06,1e-06,1e-06,3e-06,0.3,0.3,0.3,1.5284552845528455e-05,0.006266666666666667,0.0,3.75e-08
41,aten::mul,"(1, 1, 1)",M,0.0024390243902439024,0.3333333333333333,6.666666666666667e-09,0.006266666666666667,1.0,2e-09,1e-06,1e-06,1e-06,3e-06,0.3,0.3,0.3,1.5284552845528455e-05,0.006266666666666667,0.0,3.75e-08
42,aten::mul,"(1, 1, 1)",M,0.0024390243902439024,0.3333333333333333,6.666666666666667e-09,0.006266666666666667,1.0,2e-09,1e-06,1e-06,1e-06,3e-06,0.3,0.3,0.3,1.5284552845528455e-05,0.006266666666666667,0.0,3.75e-08
43,aten::_convolution,"([36, 80, 7, 7], [160, 80, 1, 1], [36, 160, 7, 7])",M,0.3787914034679599,51.768158473954514,0.0009692444444444443,911.0897777777777,1.0,0.0451584,0.14112,0.0128,0.28224,0.43616,46.59134262655906,46.59134262655906,46.59134262655906,345.1129756097561,911.0897777777777,0.0,346860.32985213
44,aten::mul,"(1, 1, 1)",M,0.0024390243902439024,0.3333333333333333,6.666666666666667e-09,0.006266666666666667,1.0,2e-09,1e-06,1e-06,1e-06,3e-06,0.3,0.3,0.3,1.5284552845528455e-05,0.006266666666666667,0.0,3.75e-08
45,aten::mul,"(1, 1, 1)",M,0.0024390243902439024,0.3333333333333333,6.666666666666667e-09,0.006266666666666667,1.0,2e-09,1e-06,1e-06,1e-06,3e-06,0.3,0.3,0.3,1.5284552845528455e-05,0.006266666666666667,0.0,3.75e-08
46,aten::mul_,"(1, 1, 1)",M,0.0024390243902439024,0.3333333333333333,6.666666666666667e-09,0.006266666666666667,1.0,2e-09,1e-06,1e-06,1e-06,3e-06,0.3,0.3,0.3,1.5284552845528455e-05,0.006266666666666667,0.0,3.75e-08
47,aten::matmul,"([36, 4, 49, 20], [36, 4, 20, 49], [36, 4, 49, 49])",M,0.0805700191833379,11.01123595505618,0.0013955200000000001,1311.7888,1.0,0.01382976,0.14112,0.14112,0.345744,0.627984,9.91011235955056,9.91011235955056,9.91011235955056,105.69084878048781,1311.7888,0.0,885600.6326674857
48,aten::mul,"([36, 4, 49, 49], 1, [36, 4, 49, 49])",M,0.0036585312945563316,0.4999992769226987,0.0015366422222222224,1444.443688888889,1.0,0.000691488,0.345744,1e-06,0.345744,0.691489,0.4499993492304288,0.4499993492304288,0.4499993492304288,5.28454243902439,1444.443688888889,0.0,3.75e-08
49,aten::mul,"(1, 1, 1)",M,0.0024390243902439024,0.3333333333333333,6.666666666666667e-09,0.006266666666666667,1.0,2e-09,1e-06,1e-06,1e-06,3e-06,0.3,0.3,0.3,1.5284552845528455e-05,0.006266666666666667,0.0,3.75e-08
50,aten::mul,"(1, 1, 1)",M,0.0024390243902439024,0.3333333333333333,6.666666666666667e-09,0.006266666666666667,1.0,2e-09,1e-06,1e-06,1e-06,3e-06,0.3,0.3,0.3,1.5284552845528455e-05,0.006266666666666667,0.0,3.75e-08
51,aten::mul_,"(1, 1, 1)",M,0.0024390243902439024,0.3333333333333333,6.666666666666667e-09,0.006266666666666667,1.0,2e-09,1e-06,1e-06,1e-06,3e-06,0.3,0.3,0.3,1.5284552845528455e-05,0.006266666666666667,0.0,3.75e-08
52,aten::mul,"(1, 1, 1)",M,0.0024390243902439024,0.3333333333333333,6.666666666666667e-09,0.006266666666666667,1.0,2e-09,1e-06,1e-06,1e-06,3e-06,0.3,0.3,0.3,1.5284552845528455e-05,0.006266666666666667,0.0,3.75e-08
53,aten::matmul,"([36, 4, 49, 49], [36, 4, 49, 20], [36, 4, 49, 20])",M,0.0805700191833379,11.01123595505618,0.0013955200000000001,1311.7888,1.0,0.01382976,0.345744,0.14112,0.14112,0.627984,9.91011235955056,9.91011235955056,9.91011235955056,105.69084878048781,1311.7888,0.0,762600.9463552284
54,aten::mul,"(1, 1, 1)",M,0.0024390243902439024,0.3333333333333333,6.666666666666667e-09,0.006266666666666667,1.0,2e-09,1e-06,1e-06,1e-06,3e-06,0.3,0.3,0.3,1.5284552845528455e-05,0.006266666666666667,0.0,3.75e-08
55,aten::mul,"(1, 1, 1)",M,0.0024390243902439024,0.3333333333333333,6.666666666666667e-09,0.006266666666666667,1.0,2e-09,1e-06,1e-06,1e-06,3e-06,0.3,0.3,0.3,1.5284552845528455e-05,0.006266666666666667,0.0,3.75e-08
56,aten::mul,"(1, 1, 1)",M,0.0024390243902439024,0.3333333333333333,6.666666666666667e-09,0.006266666666666667,1.0,2e-09,1e-06,1e-06,1e-06,3e-06,0.3,0.3,0.3,1.5284552845528455e-05,0.006266666666666667,0.0,3.75e-08
57,aten::mul,"(1, 1, 1)",M,0.0024390243902439024,0.3333333333333333,6.666666666666667e-09,0.006266666666666667,1.0,2e-09,1e-06,1e-06,1e-06,3e-06,0.3,0.3,0.3,1.5284552845528455e-05,0.006266666666666667,0.0,3.75e-08
58,aten::_convolution,"([36, 80, 7, 7], [240, 80, 1, 1], [36, 240, 7, 7])",M,0.42458279845956354,58.026315789473685,0.0012970666666666667,1219.2426666666665,1.0,0.0677376,0.14112,0.0192,0.42336,0.58368,52.22368421052632,52.22368421052632,52.22368421052632,517.6694634146342,1219.2426666666665,0.0,346860.33009213
59,aten::mul,"(1, 1, 1)",M,0.0024390243902439024,0.3333333333333333,6.666666666666667e-09,0.006266666666666667,1.0,2e-09,1e-06,1e-06,1e-06,3e-06,0.3,0.3,0.3,1.5284552845528455e-05,0.006266666666666667,0.0,3.75e-08
60,aten::mul_,"(1, 1, 1)",M,0.0024390243902439024,0.3333333333333333,6.666666666666667e-09,0.006266666666666667,1.0,2e-09,1e-06,1e-06,1e-06,3e-06,0.3,0.3,0.3,1.5284552845528455e-05,0.006266666666666667,0.0,3.75e-08
61,aten::mul,"(1, 1, 1)",M,0.0024390243902439024,0.3333333333333333,6.666666666666667e-09,0.006266666666666667,1.0,2e-09,1e-06,1e-06,1e-06,3e-06,0.3,0.3,0.3,1.5284552845528455e-05,0.006266666666666667,0.0,3.75e-08
62,aten::mul,"(1, 1, 1)",M,0.0024390243902439024,0.3333333333333333,6.666666666666667e-09,0.006266666666666667,1.0,2e-09,1e-06,1e-06,1e-06,3e-06,0.3,0.3,0.3,1.5284552845528455e-05,0.006266666666666667,0.0,3.75e-08
63,aten::mul,"(1, 1, 1)",M,0.0024390243902439024,0.3333333333333333,6.666666666666667e-09,0.006266666666666667,1.0,2e-09,1e-06,1e-06,1e-06,3e-06,0.3,0.3,0.3,1.5284552845528455e-05,0.006266666666666667,0.0,3.75e-08
64,aten::mul_,"(1, 1, 1)",M,0.0024390243902439024,0.3333333333333333,6.666666666666667e-09,0.006266666666666667,1.0,2e-09,1e-06,1e-06,1e-06,3e-06,0.3,0.3,0.3,1.5284552845528455e-05,0.006266666666666667,0.0,3.75e-08
65,aten::mul,"(1, 1, 1)",M,0.0024390243902439024,0.3333333333333333,6.666666666666667e-09,0.006266666666666667,1.0,2e-09,1e-06,1e-06,1e-06,3e-06,0.3,0.3,0.3,1.5284552845528455e-05,0.006266666666666667,0.0,3.75e-08
66,aten::mul_,"(1, 1, 1)",M,0.0024390243902439024,0.3333333333333333,6.666666666666667e-09,0.006266666666666667,1.0,2e-09,1e-06,1e-06,1e-06,3e-06,0.3,0.3,0.3,1.5284552845528455e-05,0.006266666666666667,0.0,3.75e-08
67,aten::_convolution,"([1, 240, 40, 40], [240, 1, 5, 5], [1, 240, 40, 40])",M,0.09075439591605218,12.4031007751938,0.00172,1616.8,1.0,0.0192,0.384,0.006,0.384,0.774,11.162790697674417,11.162790697674417,11.162790697674417,146.7317073170732,1616.8,0.0,1402201.8823514567
68,aten::batch_norm,"([1, 240, 40, 40], [1, 240, 40, 40])",M,0.0036585365853658534,0.5,0.0017066666666666667,1604.2666666666667,1.0,0.000768,0.384,0.0,0.384,0.768,0.45,0.45,0.45,5.869268292682927,1604.2666666666667,0.0,0.0
69,aten::_convolution,"([1, 240, 40, 40], [80, 240, 1, 1], [1, 80, 40, 40])",M,0.4231560387893035,57.83132530120482,0.0011804444444444442,1109.6177777777777,1.0,0.06144,0.384,0.0192,0.128,0.5312,52.048192771084345,52.048192771084345,52.048192771084345,469.5414634146341,1109.6177777777777,0.0,1402201.8828464567
70,aten::layer_norm,"([1, 40, 40, 80], [1, 40, 40, 80])",M,0.0036585365853658534,0.5,0.0005688888888888889,534.7555555555556,1.0,0.000256,0.128,0.0,0.128,0.256,0.45,0.45,0.45,1.9564227642276422,534.7555555555556,0.0,0.0
71,aten::mul,"(1, 1, 1)",M,0.0024390243902439024,0.3333333333333333,6.666666666666667e-09,0.006266666666666667,1.0,2e-09,1e-06,1e-06,1e-06,3e-06,0.3,0.3,0.3,1.5284552845528455e-05,0.006266666666666667,0.0,3.75e-08
72,aten::mul,"(1, 1, 1)",M,0.0024390243902439024,0.3333333333333333,6.666666666666667e-09,0.006266666666666667,1.0,2e-09,1e-06,1e-06,1e-06,3e-06,0.3,0.3,0.3,1.5284552845528455e-05,0.006266666666666667,0.0,3.75e-08
73,aten::mul,"(1, 1, 1)",M,0.0024390243902439024,0.3333333333333333,6.666666666666667e-09,0.006266666666666667,1.0,2e-09,1e-06,1e-06,1e-06,3e-06,0.3,0.3,0.3,1.5284552845528455e-05,0.006266666666666667,0.0,3.75e-08
74,aten::mul_,"(1, 1, 1)",M,0.0024390243902439024,0.3333333333333333,6.666666666666667e-09,0.006266666666666667,1.0,2e-09,1e-06,1e-06,1e-06,3e-06,0.3,0.3,0.3,1.5284552845528455e-05,0.006266666666666667,0.0,3.75e-08
75,aten::mul_,"(1, 1, 1)",M,0.0024390243902439024,0.3333333333333333,6.666666666666667e-09,0.006266666666666667,1.0,2e-09,1e-06,1e-06,1e-06,3e-06,0.3,0.3,0.3,1.5284552845528455e-05,0.006266666666666667,0.0,3.75e-08
76,aten::mul,"(1, 1, 1)",M,0.0024390243902439024,0.3333333333333333,6.666666666666667e-09,0.006266666666666667,1.0,2e-09,1e-06,1e-06,1e-06,3e-06,0.3,0.3,0.3,1.5284552845528455e-05,0.006266666666666667,0.0,3.75e-08
77,aten::mul,"(1, 1, 1)",M,0.0024390243902439024,0.3333333333333333,6.666666666666667e-09,0.006266666666666667,1.0,2e-09,1e-06,1e-06,1e-06,3e-06,0.3,0.3,0.3,1.5284552845528455e-05,0.006266666666666667,0.0,3.75e-08
78,aten::mul,"(1, 1, 1)",M,0.0024390243902439024,0.3333333333333333,6.666666666666667e-09,0.006266666666666667,1.0,2e-09,1e-06,1e-06,1e-06,3e-06,0.3,0.3,0.3,1.5284552845528455e-05,0.006266666666666667,0.0,3.75e-08
79,aten::_convolution,"([36, 80, 7, 7], [160, 80, 1, 1], [36, 160, 7, 7])",M,0.3787914034679599,51.768158473954514,0.0009692444444444443,911.0897777777777,1.0,0.0451584,0.14112,0.0128,0.28224,0.43616,46.59134262655906,46.59134262655906,46.59134262655906,345.1129756097561,911.0897777777777,0.0,346860.32985213
80,aten::mul,"(1, 1, 1)",M,0.0024390243902439024,0.3333333333333333,6.666666666666667e-09,0.006266666666666667,1.0,2e-09,1e-06,1e-06,1e-06,3e-06,0.3,0.3,0.3,1.5284552845528455e-05,0.006266666666666667,0.0,3.75e-08
81,aten::mul,"(1, 1, 1)",M,0.0024390243902439024,0.3333333333333333,6.666666666666667e-09,0.006266666666666667,1.0,2e-09,1e-06,1e-06,1e-06,3e-06,0.3,0.3,0.3,1.5284552845528455e-05,0.006266666666666667,0.0,3.75e-08
82,aten::mul_,"(1, 1, 1)",M,0.0024390243902439024,0.3333333333333333,6.666666666666667e-09,0.006266666666666667,1.0,2e-09,1e-06,1e-06,1e-06,3e-06,0.3,0.3,0.3,1.5284552845528455e-05,0.006266666666666667,0.0,3.75e-08
83,aten::matmul,"([36, 4, 49, 20], [36, 4, 20, 49], [36, 4, 49, 49])",M,0.0805700191833379,11.01123595505618,0.0013955200000000001,1311.7888,1.0,0.01382976,0.14112,0.14112,0.345744,0.627984,9.91011235955056,9.91011235955056,9.91011235955056,105.69084878048781,1311.7888,0.0,885600.6326674857
84,aten::mul,"([36, 4, 49, 49], 1, [36, 4, 49, 49])",M,0.0036585312945563316,0.4999992769226987,0.0015366422222222224,1444.443688888889,1.0,0.000691488,0.345744,1e-06,0.345744,0.691489,0.4499993492304288,0.4499993492304288,0.4499993492304288,5.28454243902439,1444.443688888889,0.0,3.75e-08
85,aten::mul,"(1, 1, 1)",M,0.0024390243902439024,0.3333333333333333,6.666666666666667e-09,0.006266666666666667,1.0,2e-09,1e-06,1e-06,1e-06,3e-06,0.3,0.3,0.3,1.5284552845528455e-05,0.006266666666666667,0.0,3.75e-08
86,aten::mul,"(1, 1, 1)",M,0.0024390243902439024,0.3333333333333333,6.666666666666667e-09,0.006266666666666667,1.0,2e-09,1e-06,1e-06,1e-06,3e-06,0.3,0.3,0.3,1.5284552845528455e-05,0.006266666666666667,0.0,3.75e-08
87,aten::mul_,"(1, 1, 1)",M,0.0024390243902439024,0.3333333333333333,6.666666666666667e-09,0.006266666666666667,1.0,2e-09,1e-06,1e-06,1e-06,3e-06,0.3,0.3,0.3,1.5284552845528455e-05,0.006266666666666667,0.0,3.75e-08
88,aten::mul,"(1, 1, 1)",M,0.0024390243902439024,0.3333333333333333,6.666666666666667e-09,0.006266666666666667,1.0,2e-09,1e-06,1e-06,1e-06,3e-06,0.3,0.3,0.3,1.5284552845528455e-05,0.006266666666666667,0.0,3.75e-08
89,aten::matmul,"([36, 4, 49, 49], [36, 4, 49, 20], [36, 4, 49, 20])",M,0.0805700191833379,11.01123595505618,0.0013955200000000001,1311.7888,1.0,0.01382976,0.345744,0.14112,0.14112,0.627984,9.91011235955056,9.91011235955056,9.91011235955056,105.69084878048781,1311.7888,0.0,762600.9463552284
90,aten::mul,"(1, 1, 1)",M,0.0024390243902439024,0.3333333333333333,6.666666666666667e-09,0.006266666666666667,1.0,2e-09,1e-06,1e-06,1e-06,3e-06,0.3,0.3,0.3,1.5284552845528455e-05,0.006266666666666667,0.0,3.75e-08
91,aten::mul,"(1, 1, 1)",M,0.0024390243902439024,0.3333333333333333,6.666666666666667e-09,0.006266666666666667,1.0,2e-09,1e-06,1e-06,1e-06,3e-06,0.3,0.3,0.3,1.5284552845528455e-05,0.006266666666666667,0.0,3.75e-08
92,aten::mul,"(1, 1, 1)",M,0.0024390243902439024,0.3333333333333333,6.666666666666667e-09,0.006266666666666667,1.0,2e-09,1e-06,1e-06,1e-06,3e-06,0.3,0.3,0.3,1.5284552845528455e-05,0.006266666666666667,0.0,3.75e-08
93,aten::mul,"(1, 1, 1)",M,0.0024390243902439024,0.3333333333333333,6.666666666666667e-09,0.006266666666666667,1.0,2e-09,1e-06,1e-06,1e-06,3e-06,0.3,0.3,0.3,1.5284552845528455e-05,0.006266666666666667,0.0,3.75e-08
94,aten::_convolution,"([36, 80, 7, 7], [240, 80, 1, 1], [36, 240, 7, 7])",M,0.42458279845956354,58.026315789473685,0.0012970666666666667,1219.2426666666665,1.0,0.0677376,0.14112,0.0192,0.42336,0.58368,52.22368421052632,52.22368421052632,52.22368421052632,517.6694634146342,1219.2426666666665,0.0,346860.33009213
95,aten::mul,"(1, 1, 1)",M,0.0024390243902439024,0.3333333333333333,6.666666666666667e-09,0.006266666666666667,1.0,2e-09,1e-06,1e-06,1e-06,3e-06,0.3,0.3,0.3,1.5284552845528455e-05,0.006266666666666667,0.0,3.75e-08
96,aten::mul_,"(1, 1, 1)",M,0.0024390243902439024,0.3333333333333333,6.666666666666667e-09,0.006266666666666667,1.0,2e-09,1e-06,1e-06,1e-06,3e-06,0.3,0.3,0.3,1.5284552845528455e-05,0.006266666666666667,0.0,3.75e-08
97,aten::mul,"(1, 1, 1)",M,0.0024390243902439024,0.3333333333333333,6.666666666666667e-09,0.006266666666666667,1.0,2e-09,1e-06,1e-06,1e-06,3e-06,0.3,0.3,0.3,1.5284552845528455e-05,0.006266666666666667,0.0,3.75e-08
98,aten::mul,"(1, 1, 1)",M,0.0024390243902439024,0.3333333333333333,6.666666666666667e-09,0.006266666666666667,1.0,2e-09,1e-06,1e-06,1e-06,3e-06,0.3,0.3,0.3,1.5284552845528455e-05,0.006266666666666667,0.0,3.75e-08
99,aten::mul,"(1, 1, 1)",M,0.0024390243902439024,0.3333333333333333,6.666666666666667e-09,0.006266666666666667,1.0,2e-09,1e-06,1e-06,1e-06,3e-06,0.3,0.3,0.3,1.5284552845528455e-05,0.006266666666666667,0.0,3.75e-08
100,aten::mul_,"(1, 1, 1)",M,0.0024390243902439024,0.3333333333333333,6.666666666666667e-09,0.006266666666666667,1.0,2e-09,1e-06,1e-06,1e-06,3e-06,0.3,0.3,0.3,1.5284552845528455e-05,0.006266666666666667,0.0,3.75e-08
101,aten::mul,"(1, 1, 1)",M,0.0024390243902439024,0.3333333333333333,6.666666666666667e-09,0.006266666666666667,1.0,2e-09,1e-06,1e-06,1e-06,3e-06,0.3,0.3,0.3,1.5284552845528455e-05,0.006266666666666667,0.0,3.75e-08
102,aten::mul_,"(1, 1, 1)",M,0.0024390243902439024,0.3333333333333333,6.666666666666667e-09,0.006266666666666667,1.0,2e-09,1e-06,1e-06,1e-06,3e-06,0.3,0.3,0.3,1.5284552845528455e-05,0.006266666666666667,0.0,3.75e-08
103,aten::_convolution,"([1, 240, 40, 40], [240, 1, 5, 5], [1, 240, 40, 40])",M,0.09075439591605218,12.4031007751938,0.00172,1616.8,1.0,0.0192,0.384,0.006,0.384,0.774,11.162790697674417,11.162790697674417,11.162790697674417,146.7317073170732,1616.8,0.0,1402201.8823514567
104,aten::batch_norm,"([1, 240, 40, 40], [1, 240, 40, 40])",M,0.0036585365853658534,0.5,0.0017066666666666667,1604.2666666666667,1.0,0.000768,0.384,0.0,0.384,0.768,0.45,0.45,0.45,5.869268292682927,1604.2666666666667,0.0,0.0
105,aten::_convolution,"([1, 240, 40, 40], [80, 240, 1, 1], [1, 80, 40, 40])",M,0.4231560387893035,57.83132530120482,0.0011804444444444442,1109.6177777777777,1.0,0.06144,0.384,0.0192,0.128,0.5312,52.048192771084345,52.048192771084345,52.048192771084345,469.5414634146341,1109.6177777777777,0.0,1402201.8828464567
106,aten::layer_norm,"([1, 40, 40, 80], [1, 40, 40, 80])",M,0.0036585365853658534,0.5,0.0005688888888888889,534.7555555555556,1.0,0.000256,0.128,0.0,0.128,0.256,0.45,0.45,0.45,1.9564227642276422,534.7555555555556,0.0,0.0
107,aten::mul,"(1, 1, 1)",M,0.0024390243902439024,0.3333333333333333,6.666666666666667e-09,0.006266666666666667,1.0,2e-09,1e-06,1e-06,1e-06,3e-06,0.3,0.3,0.3,1.5284552845528455e-05,0.006266666666666667,0.0,3.75e-08
108,aten::mul,"(1, 1, 1)",M,0.0024390243902439024,0.3333333333333333,6.666666666666667e-09,0.006266666666666667,1.0,2e-09,1e-06,1e-06,1e-06,3e-06,0.3,0.3,0.3,1.5284552845528455e-05,0.006266666666666667,0.0,3.75e-08
109,aten::mul,"(1, 1, 1)",M,0.0024390243902439024,0.3333333333333333,6.666666666666667e-09,0.006266666666666667,1.0,2e-09,1e-06,1e-06,1e-06,3e-06,0.3,0.3,0.3,1.5284552845528455e-05,0.006266666666666667,0.0,3.75e-08
110,aten::mul_,"(1, 1, 1)",M,0.0024390243902439024,0.3333333333333333,6.666666666666667e-09,0.006266666666666667,1.0,2e-09,1e-06,1e-06,1e-06,3e-06,0.3,0.3,0.3,1.5284552845528455e-05,0.006266666666666667,0.0,3.75e-08
111,aten::mul_,"(1, 1, 1)",M,0.0024390243902439024,0.3333333333333333,6.666666666666667e-09,0.006266666666666667,1.0,2e-09,1e-06,1e-06,1e-06,3e-06,0.3,0.3,0.3,1.5284552845528455e-05,0.006266666666666667,0.0,3.75e-08
112,aten::mul,"(1, 1, 1)",M,0.0024390243902439024,0.3333333333333333,6.666666666666667e-09,0.006266666666666667,1.0,2e-09,1e-06,1e-06,1e-06,3e-06,0.3,0.3,0.3,1.5284552845528455e-05,0.006266666666666667,0.0,3.75e-08
113,aten::mul,"(1, 1, 1)",M,0.0024390243902439024,0.3333333333333333,6.666666666666667e-09,0.006266666666666667,1.0,2e-09,1e-06,1e-06,1e-06,3e-06,0.3,0.3,0.3,1.5284552845528455e-05,0.006266666666666667,0.0,3.75e-08
114,aten::mul,"(1, 1, 1)",M,0.0024390243902439024,0.3333333333333333,6.666666666666667e-09,0.006266666666666667,1.0,2e-09,1e-06,1e-06,1e-06,3e-06,0.3,0.3,0.3,1.5284552845528455e-05,0.006266666666666667,0.0,3.75e-08
115,aten::_convolution,"([36, 80, 7, 7], [160, 80, 1, 1], [36, 160, 7, 7])",M,0.3787914034679599,51.768158473954514,0.0009692444444444443,911.0897777777777,1.0,0.0451584,0.14112,0.0128,0.28224,0.43616,46.59134262655906,46.59134262655906,46.59134262655906,345.1129756097561,911.0897777777777,0.0,346860.32985213
116,aten::mul,"(1, 1, 1)",M,0.0024390243902439024,0.3333333333333333,6.666666666666667e-09,0.006266666666666667,1.0,2e-09,1e-06,1e-06,1e-06,3e-06,0.3,0.3,0.3,1.5284552845528455e-05,0.006266666666666667,0.0,3.75e-08
117,aten::mul,"(1, 1, 1)",M,0.0024390243902439024,0.3333333333333333,6.666666666666667e-09,0.006266666666666667,1.0,2e-09,1e-06,1e-06,1e-06,3e-06,0.3,0.3,0.3,1.5284552845528455e-05,0.006266666666666667,0.0,3.75e-08
118,aten::mul_,"(1, 1, 1)",M,0.0024390243902439024,0.3333333333333333,6.666666666666667e-09,0.006266666666666667,1.0,2e-09,1e-06,1e-06,1e-06,3e-06,0.3,0.3,0.3,1.5284552845528455e-05,0.006266666666666667,0.0,3.75e-08
119,aten::matmul,"([36, 4, 49, 20], [36, 4, 20, 49], [36, 4, 49, 49])",M,0.0805700191833379,11.01123595505618,0.0013955200000000001,1311.7888,1.0,0.01382976,0.14112,0.14112,0.345744,0.627984,9.91011235955056,9.91011235955056,9.91011235955056,105.69084878048781,1311.7888,0.0,885600.6326674857
120,aten::mul,"([36, 4, 49, 49], 1, [36, 4, 49, 49])",M,0.0036585312945563316,0.4999992769226987,0.0015366422222222224,1444.443688888889,1.0,0.000691488,0.345744,1e-06,0.345744,0.691489,0.4499993492304288,0.4499993492304288,0.4499993492304288,5.28454243902439,1444.443688888889,0.0,3.75e-08
121,aten::mul,"(1, 1, 1)",M,0.0024390243902439024,0.3333333333333333,6.666666666666667e-09,0.006266666666666667,1.0,2e-09,1e-06,1e-06,1e-06,3e-06,0.3,0.3,0.3,1.5284552845528455e-05,0.006266666666666667,0.0,3.75e-08
122,aten::mul,"(1, 1, 1)",M,0.0024390243902439024,0.3333333333333333,6.666666666666667e-09,0.006266666666666667,1.0,2e-09,1e-06,1e-06,1e-06,3e-06,0.3,0.3,0.3,1.5284552845528455e-05,0.006266666666666667,0.0,3.75e-08
123,aten::mul_,"(1, 1, 1)",M,0.0024390243902439024,0.3333333333333333,6.666666666666667e-09,0.006266666666666667,1.0,2e-09,1e-06,1e-06,1e-06,3e-06,0.3,0.3,0.3,1.5284552845528455e-05,0.006266666666666667,0.0,3.75e-08
124,aten::mul,"(1, 1, 1)",M,0.0024390243902439024,0.3333333333333333,6.666666666666667e-09,0.006266666666666667,1.0,2e-09,1e-06,1e-06,1e-06,3e-06,0.3,0.3,0.3,1.5284552845528455e-05,0.006266666666666667,0.0,3.75e-08
125,aten::matmul,"([36, 4, 49, 49], [36, 4, 49, 20], [36, 4, 49, 20])",M,0.0805700191833379,11.01123595505618,0.0013955200000000001,1311.7888,1.0,0.01382976,0.345744,0.14112,0.14112,0.627984,9.91011235955056,9.91011235955056,9.91011235955056,105.69084878048781,1311.7888,0.0,762600.9463552284
126,aten::mul,"(1, 1, 1)",M,0.0024390243902439024,0.3333333333333333,6.666666666666667e-09,0.006266666666666667,1.0,2e-09,1e-06,1e-06,1e-06,3e-06,0.3,0.3,0.3,1.5284552845528455e-05,0.006266666666666667,0.0,3.75e-08
127,aten::mul,"(1, 1, 1)",M,0.0024390243902439024,0.3333333333333333,6.666666666666667e-09,0.006266666666666667,1.0,2e-09,1e-06,1e-06,1e-06,3e-06,0.3,0.3,0.3,1.5284552845528455e-05,0.006266666666666667,0.0,3.75e-08
128,aten::mul,"(1, 1, 1)",M,0.0024390243902439024,0.3333333333333333,6.666666666666667e-09,0.006266666666666667,1.0,2e-09,1e-06,1e-06,1e-06,3e-06,0.3,0.3,0.3,1.5284552845528455e-05,0.006266666666666667,0.0,3.75e-08
129,aten::mul,"(1, 1, 1)",M,0.0024390243902439024,0.3333333333333333,6.666666666666667e-09,0.006266666666666667,1.0,2e-09,1e-06,1e-06,1e-06,3e-06,0.3,0.3,0.3,1.5284552845528455e-05,0.006266666666666667,0.0,3.75e-08
130,aten::_convolution,"([36, 80, 7, 7], [240, 80, 1, 1], [36, 240, 7, 7])",M,0.42458279845956354,58.026315789473685,0.0012970666666666667,1219.2426666666665,1.0,0.0677376,0.14112,0.0192,0.42336,0.58368,52.22368421052632,52.22368421052632,52.22368421052632,517.6694634146342,1219.2426666666665,0.0,346860.33009213
131,aten::mul,"(1, 1, 1)",M,0.0024390243902439024,0.3333333333333333,6.666666666666667e-09,0.006266666666666667,1.0,2e-09,1e-06,1e-06,1e-06,3e-06,0.3,0.3,0.3,1.5284552845528455e-05,0.006266666666666667,0.0,3.75e-08
132,aten::mul_,"(1, 1, 1)",M,0.0024390243902439024,0.3333333333333333,6.666666666666667e-09,0.006266666666666667,1.0,2e-09,1e-06,1e-06,1e-06,3e-06,0.3,0.3,0.3,1.5284552845528455e-05,0.006266666666666667,0.0,3.75e-08
133,aten::mul,"(1, 1, 1)",M,0.0024390243902439024,0.3333333333333333,6.666666666666667e-09,0.006266666666666667,1.0,2e-09,1e-06,1e-06,1e-06,3e-06,0.3,0.3,0.3,1.5284552845528455e-05,0.006266666666666667,0.0,3.75e-08
134,aten::mul,"(1, 1, 1)",M,0.0024390243902439024,0.3333333333333333,6.666666666666667e-09,0.006266666666666667,1.0,2e-09,1e-06,1e-06,1e-06,3e-06,0.3,0.3,0.3,1.5284552845528455e-05,0.006266666666666667,0.0,3.75e-08
135,aten::mul,"(1, 1, 1)",M,0.0024390243902439024,0.3333333333333333,6.666666666666667e-09,0.006266666666666667,1.0,2e-09,1e-06,1e-06,1e-06,3e-06,0.3,0.3,0.3,1.5284552845528455e-05,0.006266666666666667,0.0,3.75e-08
136,aten::mul_,"(1, 1, 1)",M,0.0024390243902439024,0.3333333333333333,6.666666666666667e-09,0.006266666666666667,1.0,2e-09,1e-06,1e-06,1e-06,3e-06,0.3,0.3,0.3,1.5284552845528455e-05,0.006266666666666667,0.0,3.75e-08
137,aten::mul,"(1, 1, 1)",M,0.0024390243902439024,0.3333333333333333,6.666666666666667e-09,0.006266666666666667,1.0,2e-09,1e-06,1e-06,1e-06,3e-06,0.3,0.3,0.3,1.5284552845528455e-05,0.006266666666666667,0.0,3.75e-08
138,aten::mul_,"(1, 1, 1)",M,0.0024390243902439024,0.3333333333333333,6.666666666666667e-09,0.006266666666666667,1.0,2e-09,1e-06,1e-06,1e-06,3e-06,0.3,0.3,0.3,1.5284552845528455e-05,0.006266666666666667,0.0,3.75e-08
139,aten::_convolution,"([1, 240, 40, 40], [240, 1, 5, 5], [1, 240, 40, 40])",M,0.09075439591605218,12.4031007751938,0.00172,1616.8,1.0,0.0192,0.384,0.006,0.384,0.774,11.162790697674417,11.162790697674417,11.162790697674417,146.7317073170732,1616.8,0.0,1402201.8823514567
140,aten::batch_norm,"([1, 240, 40, 40], [1, 240, 40, 40])",M,0.0036585365853658534,0.5,0.0017066666666666667,1604.2666666666667,1.0,0.000768,0.384,0.0,0.384,0.768,0.45,0.45,0.45,5.869268292682927,1604.2666666666667,0.0,0.0
141,aten::_convolution,"([1, 240, 40, 40], [80, 240, 1, 1], [1, 80, 40, 40])",M,0.4231560387893035,57.83132530120482,0.0011804444444444442,1109.6177777777777,1.0,0.06144,0.384,0.0192,0.128,0.5312,52.048192771084345,52.048192771084345,52.048192771084345,469.5414634146341,1109.6177777777777,0.0,1402201.8828464567
142,aten::layer_norm,"([1, 40, 40, 80], [1, 40, 40, 80])",M,0.0036585365853658534,0.5,0.0005688888888888889,534.7555555555556,1.0,0.000256,0.128,0.0,0.128,0.256,0.45,0.45,0.45,1.9564227642276422,534.7555555555556,0.0,0.0
143,aten::mul,"(1, 1, 1)",M,0.0024390243902439024,0.3333333333333333,6.666666666666667e-09,0.006266666666666667,1.0,2e-09,1e-06,1e-06,1e-06,3e-06,0.3,0.3,0.3,1.5284552845528455e-05,0.006266666666666667,0.0,3.75e-08
144,aten::mul,"(1, 1, 1)",M,0.0024390243902439024,0.3333333333333333,6.666666666666667e-09,0.006266666666666667,1.0,2e-09,1e-06,1e-06,1e-06,3e-06,0.3,0.3,0.3,1.5284552845528455e-05,0.006266666666666667,0.0,3.75e-08
145,aten::mul,"(1, 1, 1)",M,0.0024390243902439024,0.3333333333333333,6.666666666666667e-09,0.006266666666666667,1.0,2e-09,1e-06,1e-06,1e-06,3e-06,0.3,0.3,0.3,1.5284552845528455e-05,0.006266666666666667,0.0,3.75e-08
146,aten::mul_,"(1, 1, 1)",M,0.0024390243902439024,0.3333333333333333,6.666666666666667e-09,0.006266666666666667,1.0,2e-09,1e-06,1e-06,1e-06,3e-06,0.3,0.3,0.3,1.5284552845528455e-05,0.006266666666666667,0.0,3.75e-08
147,aten::mul_,"(1, 1, 1)",M,0.0024390243902439024,0.3333333333333333,6.666666666666667e-09,0.006266666666666667,1.0,2e-09,1e-06,1e-06,1e-06,3e-06,0.3,0.3,0.3,1.5284552845528455e-05,0.006266666666666667,0.0,3.75e-08
148,aten::mul,"(1, 1, 1)",M,0.0024390243902439024,0.3333333333333333,6.666666666666667e-09,0.006266666666666667,1.0,2e-09,1e-06,1e-06,1e-06,3e-06,0.3,0.3,0.3,1.5284552845528455e-05,0.006266666666666667,0.0,3.75e-08
149,aten::mul,"(1, 1, 1)",M,0.0024390243902439024,0.3333333333333333,6.666666666666667e-09,0.006266666666666667,1.0,2e-09,1e-06,1e-06,1e-06,3e-06,0.3,0.3,0.3,1.5284552845528455e-05,0.006266666666666667,0.0,3.75e-08
150,aten::mul,"(1, 1, 1)",M,0.0024390243902439024,0.3333333333333333,6.666666666666667e-09,0.006266666666666667,1.0,2e-09,1e-06,1e-06,1e-06,3e-06,0.3,0.3,0.3,1.5284552845528455e-05,0.006266666666666667,0.0,3.75e-08
151,aten::_convolution,"([36, 80, 7, 7], [160, 80, 1, 1], [36, 160, 7, 7])",M,0.3787914034679599,51.768158473954514,0.0009692444444444443,911.0897777777777,1.0,0.0451584,0.14112,0.0128,0.28224,0.43616,46.59134262655906,46.59134262655906,46.59134262655906,345.1129756097561,911.0897777777777,0.0,346860.32985213
152,aten::mul,"(1, 1, 1)",M,0.0024390243902439024,0.3333333333333333,6.666666666666667e-09,0.006266666666666667,1.0,2e-09,1e-06,1e-06,1e-06,3e-06,0.3,0.3,0.3,1.5284552845528455e-05,0.006266666666666667,0.0,3.75e-08
153,aten::mul,"(1, 1, 1)",M,0.0024390243902439024,0.3333333333333333,6.666666666666667e-09,0.006266666666666667,1.0,2e-09,1e-06,1e-06,1e-06,3e-06,0.3,0.3,0.3,1.5284552845528455e-05,0.006266666666666667,0.0,3.75e-08
154,aten::mul_,"(1, 1, 1)",M,0.0024390243902439024,0.3333333333333333,6.666666666666667e-09,0.006266666666666667,1.0,2e-09,1e-06,1e-06,1e-06,3e-06,0.3,0.3,0.3,1.5284552845528455e-05,0.006266666666666667,0.0,3.75e-08
155,aten::matmul,"([36, 4, 49, 20], [36, 4, 20, 49], [36, 4, 49, 49])",M,0.0805700191833379,11.01123595505618,0.0013955200000000001,1311.7888,1.0,0.01382976,0.14112,0.14112,0.345744,0.627984,9.91011235955056,9.91011235955056,9.91011235955056,105.69084878048781,1311.7888,0.0,885600.6326674857
156,aten::mul,"([36, 4, 49, 49], 1, [36, 4, 49, 49])",M,0.0036585312945563316,0.4999992769226987,0.0015366422222222224,1444.443688888889,1.0,0.000691488,0.345744,1e-06,0.345744,0.691489,0.4499993492304288,0.4499993492304288,0.4499993492304288,5.28454243902439,1444.443688888889,0.0,3.75e-08
157,aten::mul,"(1, 1, 1)",M,0.0024390243902439024,0.3333333333333333,6.666666666666667e-09,0.006266666666666667,1.0,2e-09,1e-06,1e-06,1e-06,3e-06,0.3,0.3,0.3,1.5284552845528455e-05,0.006266666666666667,0.0,3.75e-08
158,aten::mul,"(1, 1, 1)",M,0.0024390243902439024,0.3333333333333333,6.666666666666667e-09,0.006266666666666667,1.0,2e-09,1e-06,1e-06,1e-06,3e-06,0.3,0.3,0.3,1.5284552845528455e-05,0.006266666666666667,0.0,3.75e-08
159,aten::mul_,"(1, 1, 1)",M,0.0024390243902439024,0.3333333333333333,6.666666666666667e-09,0.006266666666666667,1.0,2e-09,1e-06,1e-06,1e-06,3e-06,0.3,0.3,0.3,1.5284552845528455e-05,0.006266666666666667,0.0,3.75e-08
160,aten::mul,"(1, 1, 1)",M,0.0024390243902439024,0.3333333333333333,6.666666666666667e-09,0.006266666666666667,1.0,2e-09,1e-06,1e-06,1e-06,3e-06,0.3,0.3,0.3,1.5284552845528455e-05,0.006266666666666667,0.0,3.75e-08
161,aten::matmul,"([36, 4, 49, 49], [36, 4, 49, 20], [36, 4, 49, 20])",M,0.0805700191833379,11.01123595505618,0.0013955200000000001,1311.7888,1.0,0.01382976,0.345744,0.14112,0.14112,0.627984,9.91011235955056,9.91011235955056,9.91011235955056,105.69084878048781,1311.7888,0.0,762600.9463552284
162,aten::mul,"(1, 1, 1)",M,0.0024390243902439024,0.3333333333333333,6.666666666666667e-09,0.006266666666666667,1.0,2e-09,1e-06,1e-06,1e-06,3e-06,0.3,0.3,0.3,1.5284552845528455e-05,0.006266666666666667,0.0,3.75e-08
163,aten::mul,"(1, 1, 1)",M,0.0024390243902439024,0.3333333333333333,6.666666666666667e-09,0.006266666666666667,1.0,2e-09,1e-06,1e-06,1e-06,3e-06,0.3,0.3,0.3,1.5284552845528455e-05,0.006266666666666667,0.0,3.75e-08
164,aten::mul,"(1, 1, 1)",M,0.0024390243902439024,0.3333333333333333,6.666666666666667e-09,0.006266666666666667,1.0,2e-09,1e-06,1e-06,1e-06,3e-06,0.3,0.3,0.3,1.5284552845528455e-05,0.006266666666666667,0.0,3.75e-08
165,aten::mul,"(1, 1, 1)",M,0.0024390243902439024,0.3333333333333333,6.666666666666667e-09,0.006266666666666667,1.0,2e-09,1e-06,1e-06,1e-06,3e-06,0.3,0.3,0.3,1.5284552845528455e-05,0.006266666666666667,0.0,3.75e-08
166,aten::_convolution,"([36, 80, 7, 7], [240, 80, 1, 1], [36, 240, 7, 7])",M,0.42458279845956354,58.026315789473685,0.0012970666666666667,1219.2426666666665,1.0,0.0677376,0.14112,0.0192,0.42336,0.58368,52.22368421052632,52.22368421052632,52.22368421052632,517.6694634146342,1219.2426666666665,0.0,346860.33009213
167,aten::mul,"(1, 1, 1)",M,0.0024390243902439024,0.3333333333333333,6.666666666666667e-09,0.006266666666666667,1.0,2e-09,1e-06,1e-06,1e-06,3e-06,0.3,0.3,0.3,1.5284552845528455e-05,0.006266666666666667,0.0,3.75e-08
168,aten::mul_,"(1, 1, 1)",M,0.0024390243902439024,0.3333333333333333,6.666666666666667e-09,0.006266666666666667,1.0,2e-09,1e-06,1e-06,1e-06,3e-06,0.3,0.3,0.3,1.5284552845528455e-05,0.006266666666666667,0.0,3.75e-08
169,aten::mul,"(1, 1, 1)",M,0.0024390243902439024,0.3333333333333333,6.666666666666667e-09,0.006266666666666667,1.0,2e-09,1e-06,1e-06,1e-06,3e-06,0.3,0.3,0.3,1.5284552845528455e-05,0.006266666666666667,0.0,3.75e-08
170,aten::mul,"(1, 1, 1)",M,0.0024390243902439024,0.3333333333333333,6.666666666666667e-09,0.006266666666666667,1.0,2e-09,1e-06,1e-06,1e-06,3e-06,0.3,0.3,0.3,1.5284552845528455e-05,0.006266666666666667,0.0,3.75e-08
171,aten::mul,"(1, 1, 1)",M,0.0024390243902439024,0.3333333333333333,6.666666666666667e-09,0.006266666666666667,1.0,2e-09,1e-06,1e-06,1e-06,3e-06,0.3,0.3,0.3,1.5284552845528455e-05,0.006266666666666667,0.0,3.75e-08
172,aten::mul_,"(1, 1, 1)",M,0.0024390243902439024,0.3333333333333333,6.666666666666667e-09,0.006266666666666667,1.0,2e-09,1e-06,1e-06,1e-06,3e-06,0.3,0.3,0.3,1.5284552845528455e-05,0.006266666666666667,0.0,3.75e-08
173,aten::mul,"(1, 1, 1)",M,0.0024390243902439024,0.3333333333333333,6.666666666666667e-09,0.006266666666666667,1.0,2e-09,1e-06,1e-06,1e-06,3e-06,0.3,0.3,0.3,1.5284552845528455e-05,0.006266666666666667,0.0,3.75e-08
174,aten::mul_,"(1, 1, 1)",M,0.0024390243902439024,0.3333333333333333,6.666666666666667e-09,0.006266666666666667,1.0,2e-09,1e-06,1e-06,1e-06,3e-06,0.3,0.3,0.3,1.5284552845528455e-05,0.006266666666666667,0.0,3.75e-08
175,aten::_convolution,"([1, 240, 40, 40], [240, 1, 5, 5], [1, 240, 40, 40])",M,0.09075439591605218,12.4031007751938,0.00172,1616.8,1.0,0.0192,0.384,0.006,0.384,0.774,11.162790697674417,11.162790697674417,11.162790697674417,146.7317073170732,1616.8,0.0,1402201.8823514567
176,aten::batch_norm,"([1, 240, 40, 40], [1, 240, 40, 40])",M,0.0036585365853658534,0.5,0.0017066666666666667,1604.2666666666667,1.0,0.000768,0.384,0.0,0.384,0.768,0.45,0.45,0.45,5.869268292682927,1604.2666666666667,0.0,0.0
177,aten::_convolution,"([1, 240, 40, 40], [80, 240, 1, 1], [1, 80, 40, 40])",M,0.4231560387893035,57.83132530120482,0.0011804444444444442,1109.6177777777777,1.0,0.06144,0.384,0.0192,0.128,0.5312,52.048192771084345,52.048192771084345,52.048192771084345,469.5414634146341,1109.6177777777777,0.0,1402201.8828464567
178,aten::layer_norm,"([1, 40, 40, 80], [1, 40, 40, 80])",M,0.0036585365853658534,0.5,0.0005688888888888889,534.7555555555556,1.0,0.000256,0.128,0.0,0.128,0.256,0.45,0.45,0.45,1.9564227642276422,534.7555555555556,0.0,0.0
179,aten::mul,"(1, 1, 1)",M,0.0024390243902439024,0.3333333333333333,6.666666666666667e-09,0.006266666666666667,1.0,2e-09,1e-06,1e-06,1e-06,3e-06,0.3,0.3,0.3,1.5284552845528455e-05,0.006266666666666667,0.0,3.75e-08
180,aten::mul,"(1, 1, 1)",M,0.0024390243902439024,0.3333333333333333,6.666666666666667e-09,0.006266666666666667,1.0,2e-09,1e-06,1e-06,1e-06,3e-06,0.3,0.3,0.3,1.5284552845528455e-05,0.006266666666666667,0.0,3.75e-08
181,aten::mul,"(1, 1, 1)",M,0.0024390243902439024,0.3333333333333333,6.666666666666667e-09,0.006266666666666667,1.0,2e-09,1e-06,1e-06,1e-06,3e-06,0.3,0.3,0.3,1.5284552845528455e-05,0.006266666666666667,0.0,3.75e-08
182,aten::mul_,"(1, 1, 1)",M,0.0024390243902439024,0.3333333333333333,6.666666666666667e-09,0.006266666666666667,1.0,2e-09,1e-06,1e-06,1e-06,3e-06,0.3,0.3,0.3,1.5284552845528455e-05,0.006266666666666667,0.0,3.75e-08
183,aten::mul_,"(1, 1, 1)",M,0.0024390243902439024,0.3333333333333333,6.666666666666667e-09,0.006266666666666667,1.0,2e-09,1e-06,1e-06,1e-06,3e-06,0.3,0.3,0.3,1.5284552845528455e-05,0.006266666666666667,0.0,3.75e-08
184,aten::mul,"(1, 1, 1)",M,0.0024390243902439024,0.3333333333333333,6.666666666666667e-09,0.006266666666666667,1.0,2e-09,1e-06,1e-06,1e-06,3e-06,0.3,0.3,0.3,1.5284552845528455e-05,0.006266666666666667,0.0,3.75e-08
185,aten::mul,"(1, 1, 1)",M,0.0024390243902439024,0.3333333333333333,6.666666666666667e-09,0.006266666666666667,1.0,2e-09,1e-06,1e-06,1e-06,3e-06,0.3,0.3,0.3,1.5284552845528455e-05,0.006266666666666667,0.0,3.75e-08
186,aten::mul,"(1, 1, 1)",M,0.0024390243902439024,0.3333333333333333,6.666666666666667e-09,0.006266666666666667,1.0,2e-09,1e-06,1e-06,1e-06,3e-06,0.3,0.3,0.3,1.5284552845528455e-05,0.006266666666666667,0.0,3.75e-08
187,aten::_convolution,"([36, 80, 7, 7], [160, 80, 1, 1], [36, 160, 7, 7])",M,0.3787914034679599,51.768158473954514,0.0009692444444444443,911.0897777777777,1.0,0.0451584,0.14112,0.0128,0.28224,0.43616,46.59134262655906,46.59134262655906,46.59134262655906,345.1129756097561,911.0897777777777,0.0,346860.32985213
188,aten::mul,"(1, 1, 1)",M,0.0024390243902439024,0.3333333333333333,6.666666666666667e-09,0.006266666666666667,1.0,2e-09,1e-06,1e-06,1e-06,3e-06,0.3,0.3,0.3,1.5284552845528455e-05,0.006266666666666667,0.0,3.75e-08
189,aten::mul,"(1, 1, 1)",M,0.0024390243902439024,0.3333333333333333,6.666666666666667e-09,0.006266666666666667,1.0,2e-09,1e-06,1e-06,1e-06,3e-06,0.3,0.3,0.3,1.5284552845528455e-05,0.006266666666666667,0.0,3.75e-08
190,aten::mul_,"(1, 1, 1)",M,0.0024390243902439024,0.3333333333333333,6.666666666666667e-09,0.006266666666666667,1.0,2e-09,1e-06,1e-06,1e-06,3e-06,0.3,0.3,0.3,1.5284552845528455e-05,0.006266666666666667,0.0,3.75e-08
191,aten::matmul,"([36, 4, 49, 20], [36, 4, 20, 49], [36, 4, 49, 49])",M,0.0805700191833379,11.01123595505618,0.0013955200000000001,1311.7888,1.0,0.01382976,0.14112,0.14112,0.345744,0.627984,9.91011235955056,9.91011235955056,9.91011235955056,105.69084878048781,1311.7888,0.0,885600.6326674857
192,aten::mul,"([36, 4, 49, 49], 1, [36, 4, 49, 49])",M,0.0036585312945563316,0.4999992769226987,0.0015366422222222224,1444.443688888889,1.0,0.000691488,0.345744,1e-06,0.345744,0.691489,0.4499993492304288,0.4499993492304288,0.4499993492304288,5.28454243902439,1444.443688888889,0.0,3.75e-08
193,aten::mul,"(1, 1, 1)",M,0.0024390243902439024,0.3333333333333333,6.666666666666667e-09,0.006266666666666667,1.0,2e-09,1e-06,1e-06,1e-06,3e-06,0.3,0.3,0.3,1.5284552845528455e-05,0.006266666666666667,0.0,3.75e-08
194,aten::mul,"(1, 1, 1)",M,0.0024390243902439024,0.3333333333333333,6.666666666666667e-09,0.006266666666666667,1.0,2e-09,1e-06,1e-06,1e-06,3e-06,0.3,0.3,0.3,1.5284552845528455e-05,0.006266666666666667,0.0,3.75e-08
195,aten::mul_,"(1, 1, 1)",M,0.0024390243902439024,0.3333333333333333,6.666666666666667e-09,0.006266666666666667,1.0,2e-09,1e-06,1e-06,1e-06,3e-06,0.3,0.3,0.3,1.5284552845528455e-05,0.006266666666666667,0.0,3.75e-08
196,aten::mul,"(1, 1, 1)",M,0.0024390243902439024,0.3333333333333333,6.666666666666667e-09,0.006266666666666667,1.0,2e-09,1e-06,1e-06,1e-06,3e-06,0.3,0.3,0.3,1.5284552845528455e-05,0.006266666666666667,0.0,3.75e-08
197,aten::matmul,"([36, 4, 49, 49], [36, 4, 49, 20], [36, 4, 49, 20])",M,0.0805700191833379,11.01123595505618,0.0013955200000000001,1311.7888,1.0,0.01382976,0.345744,0.14112,0.14112,0.627984,9.91011235955056,9.91011235955056,9.91011235955056,105.69084878048781,1311.7888,0.0,762600.9463552284
198,aten::mul,"(1, 1, 1)",M,0.0024390243902439024,0.3333333333333333,6.666666666666667e-09,0.006266666666666667,1.0,2e-09,1e-06,1e-06,1e-06,3e-06,0.3,0.3,0.3,1.5284552845528455e-05,0.006266666666666667,0.0,3.75e-08
199,aten::mul,"(1, 1, 1)",M,0.0024390243902439024,0.3333333333333333,6.666666666666667e-09,0.006266666666666667,1.0,2e-09,1e-06,1e-06,1e-06,3e-06,0.3,0.3,0.3,1.5284552845528455e-05,0.006266666666666667,0.0,3.75e-08
200,aten::mul,"(1, 1, 1)",M,0.0024390243902439024,0.3333333333333333,6.666666666666667e-09,0.006266666666666667,1.0,2e-09,1e-06,1e-06,1e-06,3e-06,0.3,0.3,0.3,1.5284552845528455e-05,0.006266666666666667,0.0,3.75e-08
201,aten::mul,"(1, 1, 1)",M,0.0024390243902439024,0.3333333333333333,6.666666666666667e-09,0.006266666666666667,1.0,2e-09,1e-06,1e-06,1e-06,3e-06,0.3,0.3,0.3,1.5284552845528455e-05,0.006266666666666667,0.0,3.75e-08
202,aten::_convolution,"([36, 80, 7, 7], [240, 80, 1, 1], [36, 240, 7, 7])",M,0.42458279845956354,58.026315789473685,0.0012970666666666667,1219.2426666666665,1.0,0.0677376,0.14112,0.0192,0.42336,0.58368,52.22368421052632,52.22368421052632,52.22368421052632,517.6694634146342,1219.2426666666665,0.0,346860.33009213
203,aten::mul,"(1, 1, 1)",M,0.0024390243902439024,0.3333333333333333,6.666666666666667e-09,0.006266666666666667,1.0,2e-09,1e-06,1e-06,1e-06,3e-06,0.3,0.3,0.3,1.5284552845528455e-05,0.006266666666666667,0.0,3.75e-08
204,aten::mul_,"(1, 1, 1)",M,0.0024390243902439024,0.3333333333333333,6.666666666666667e-09,0.006266666666666667,1.0,2e-09,1e-06,1e-06,1e-06,3e-06,0.3,0.3,0.3,1.5284552845528455e-05,0.006266666666666667,0.0,3.75e-08
205,aten::mul,"(1, 1, 1)",M,0.0024390243902439024,0.3333333333333333,6.666666666666667e-09,0.006266666666666667,1.0,2e-09,1e-06,1e-06,1e-06,3e-06,0.3,0.3,0.3,1.5284552845528455e-05,0.006266666666666667,0.0,3.75e-08
206,aten::mul,"(1, 1, 1)",M,0.0024390243902439024,0.3333333333333333,6.666666666666667e-09,0.006266666666666667,1.0,2e-09,1e-06,1e-06,1e-06,3e-06,0.3,0.3,0.3,1.5284552845528455e-05,0.006266666666666667,0.0,3.75e-08
207,aten::mul,"(1, 1, 1)",M,0.0024390243902439024,0.3333333333333333,6.666666666666667e-09,0.006266666666666667,1.0,2e-09,1e-06,1e-06,1e-06,3e-06,0.3,0.3,0.3,1.5284552845528455e-05,0.006266666666666667,0.0,3.75e-08
208,aten::mul_,"(1, 1, 1)",M,0.0024390243902439024,0.3333333333333333,6.666666666666667e-09,0.006266666666666667,1.0,2e-09,1e-06,1e-06,1e-06,3e-06,0.3,0.3,0.3,1.5284552845528455e-05,0.006266666666666667,0.0,3.75e-08
209,aten::mul,"(1, 1, 1)",M,0.0024390243902439024,0.3333333333333333,6.666666666666667e-09,0.006266666666666667,1.0,2e-09,1e-06,1e-06,1e-06,3e-06,0.3,0.3,0.3,1.5284552845528455e-05,0.006266666666666667,0.0,3.75e-08
210,aten::mul_,"(1, 1, 1)",M,0.0024390243902439024,0.3333333333333333,6.666666666666667e-09,0.006266666666666667,1.0,2e-09,1e-06,1e-06,1e-06,3e-06,0.3,0.3,0.3,1.5284552845528455e-05,0.006266666666666667,0.0,3.75e-08
211,aten::_convolution,"([1, 240, 40, 40], [240, 1, 5, 5], [1, 240, 40, 40])",M,0.09075439591605218,12.4031007751938,0.00172,1616.8,1.0,0.0192,0.384,0.006,0.384,0.774,11.162790697674417,11.162790697674417,11.162790697674417,146.7317073170732,1616.8,0.0,1402201.8823514567
212,aten::batch_norm,"([1, 240, 40, 40], [1, 240, 40, 40])",M,0.0036585365853658534,0.5,0.0017066666666666667,1604.2666666666667,1.0,0.000768,0.384,0.0,0.384,0.768,0.45,0.45,0.45,5.869268292682927,1604.2666666666667,0.0,0.0
213,aten::_convolution,"([1, 240, 40, 40], [80, 240, 1, 1], [1, 80, 40, 40])",M,0.4231560387893035,57.83132530120482,0.0011804444444444442,1109.6177777777777,1.0,0.06144,0.384,0.0192,0.128,0.5312,52.048192771084345,52.048192771084345,52.048192771084345,469.5414634146341,1109.6177777777777,0.0,1402201.8828464567
214,aten::layer_norm,"([1, 40, 40, 80], [1, 40, 40, 80])",M,0.0036585365853658534,0.5,0.0005688888888888889,534.7555555555556,1.0,0.000256,0.128,0.0,0.128,0.256,0.45,0.45,0.45,1.9564227642276422,534.7555555555556,0.0,0.0
215,aten::mul,"(1, 1, 1)",M,0.0024390243902439024,0.3333333333333333,6.666666666666667e-09,0.006266666666666667,1.0,2e-09,1e-06,1e-06,1e-06,3e-06,0.3,0.3,0.3,1.5284552845528455e-05,0.006266666666666667,0.0,3.75e-08
216,aten::mul,"(1, 1, 1)",M,0.0024390243902439024,0.3333333333333333,6.666666666666667e-09,0.006266666666666667,1.0,2e-09,1e-06,1e-06,1e-06,3e-06,0.3,0.3,0.3,1.5284552845528455e-05,0.006266666666666667,0.0,3.75e-08
217,aten::mul,"(1, 1, 1)",M,0.0024390243902439024,0.3333333333333333,6.666666666666667e-09,0.006266666666666667,1.0,2e-09,1e-06,1e-06,1e-06,3e-06,0.3,0.3,0.3,1.5284552845528455e-05,0.006266666666666667,0.0,3.75e-08
218,aten::mul_,"(1, 1, 1)",M,0.0024390243902439024,0.3333333333333333,6.666666666666667e-09,0.006266666666666667,1.0,2e-09,1e-06,1e-06,1e-06,3e-06,0.3,0.3,0.3,1.5284552845528455e-05,0.006266666666666667,0.0,3.75e-08
219,aten::mul_,"(1, 1, 1)",M,0.0024390243902439024,0.3333333333333333,6.666666666666667e-09,0.006266666666666667,1.0,2e-09,1e-06,1e-06,1e-06,3e-06,0.3,0.3,0.3,1.5284552845528455e-05,0.006266666666666667,0.0,3.75e-08
220,aten::mul,"(1, 1, 1)",M,0.0024390243902439024,0.3333333333333333,6.666666666666667e-09,0.006266666666666667,1.0,2e-09,1e-06,1e-06,1e-06,3e-06,0.3,0.3,0.3,1.5284552845528455e-05,0.006266666666666667,0.0,3.75e-08
221,aten::mul,"(1, 1, 1)",M,0.0024390243902439024,0.3333333333333333,6.666666666666667e-09,0.006266666666666667,1.0,2e-09,1e-06,1e-06,1e-06,3e-06,0.3,0.3,0.3,1.5284552845528455e-05,0.006266666666666667,0.0,3.75e-08
222,aten::mul,"(1, 1, 1)",M,0.0024390243902439024,0.3333333333333333,6.666666666666667e-09,0.006266666666666667,1.0,2e-09,1e-06,1e-06,1e-06,3e-06,0.3,0.3,0.3,1.5284552845528455e-05,0.006266666666666667,0.0,3.75e-08
223,aten::_convolution,"([36, 80, 7, 7], [160, 80, 1, 1], [36, 160, 7, 7])",M,0.3787914034679599,51.768158473954514,0.0009692444444444443,911.0897777777777,1.0,0.0451584,0.14112,0.0128,0.28224,0.43616,46.59134262655906,46.59134262655906,46.59134262655906,345.1129756097561,911.0897777777777,0.0,346860.32985213
224,aten::mul,"(1, 1, 1)",M,0.0024390243902439024,0.3333333333333333,6.666666666666667e-09,0.006266666666666667,1.0,2e-09,1e-06,1e-06,1e-06,3e-06,0.3,0.3,0.3,1.5284552845528455e-05,0.006266666666666667,0.0,3.75e-08
225,aten::mul,"(1, 1, 1)",M,0.0024390243902439024,0.3333333333333333,6.666666666666667e-09,0.006266666666666667,1.0,2e-09,1e-06,1e-06,1e-06,3e-06,0.3,0.3,0.3,1.5284552845528455e-05,0.006266666666666667,0.0,3.75e-08
226,aten::mul_,"(1, 1, 1)",M,0.0024390243902439024,0.3333333333333333,6.666666666666667e-09,0.006266666666666667,1.0,2e-09,1e-06,1e-06,1e-06,3e-06,0.3,0.3,0.3,1.5284552845528455e-05,0.006266666666666667,0.0,3.75e-08
227,aten::matmul,"([36, 4, 49, 20], [36, 4, 20, 49], [36, 4, 49, 49])",M,0.0805700191833379,11.01123595505618,0.0013955200000000001,1311.7888,1.0,0.01382976,0.14112,0.14112,0.345744,0.627984,9.91011235955056,9.91011235955056,9.91011235955056,105.69084878048781,1311.7888,0.0,885600.6326674857
228,aten::mul,"([36, 4, 49, 49], 1, [36, 4, 49, 49])",M,0.0036585312945563316,0.4999992769226987,0.0015366422222222224,1444.443688888889,1.0,0.000691488,0.345744,1e-06,0.345744,0.691489,0.4499993492304288,0.4499993492304288,0.4499993492304288,5.28454243902439,1444.443688888889,0.0,3.75e-08
229,aten::mul,"(1, 1, 1)",M,0.0024390243902439024,0.3333333333333333,6.666666666666667e-09,0.006266666666666667,1.0,2e-09,1e-06,1e-06,1e-06,3e-06,0.3,0.3,0.3,1.5284552845528455e-05,0.006266666666666667,0.0,3.75e-08
230,aten::mul,"(1, 1, 1)",M,0.0024390243902439024,0.3333333333333333,6.666666666666667e-09,0.006266666666666667,1.0,2e-09,1e-06,1e-06,1e-06,3e-06,0.3,0.3,0.3,1.5284552845528455e-05,0.006266666666666667,0.0,3.75e-08
231,aten::mul_,"(1, 1, 1)",M,0.0024390243902439024,0.3333333333333333,6.666666666666667e-09,0.006266666666666667,1.0,2e-09,1e-06,1e-06,1e-06,3e-06,0.3,0.3,0.3,1.5284552845528455e-05,0.006266666666666667,0.0,3.75e-08
232,aten::mul,"(1, 1, 1)",M,0.0024390243902439024,0.3333333333333333,6.666666666666667e-09,0.006266666666666667,1.0,2e-09,1e-06,1e-06,1e-06,3e-06,0.3,0.3,0.3,1.5284552845528455e-05,0.006266666666666667,0.0,3.75e-08
233,aten::matmul,"([36, 4, 49, 49], [36, 4, 49, 20], [36, 4, 49, 20])",M,0.0805700191833379,11.01123595505618,0.0013955200000000001,1311.7888,1.0,0.01382976,0.345744,0.14112,0.14112,0.627984,9.91011235955056,9.91011235955056,9.91011235955056,105.69084878048781,1311.7888,0.0,762600.9463552284
234,aten::mul,"(1, 1, 1)",M,0.0024390243902439024,0.3333333333333333,6.666666666666667e-09,0.006266666666666667,1.0,2e-09,1e-06,1e-06,1e-06,3e-06,0.3,0.3,0.3,1.5284552845528455e-05,0.006266666666666667,0.0,3.75e-08
235,aten::mul,"(1, 1, 1)",M,0.0024390243902439024,0.3333333333333333,6.666666666666667e-09,0.006266666666666667,1.0,2e-09,1e-06,1e-06,1e-06,3e-06,0.3,0.3,0.3,1.5284552845528455e-05,0.006266666666666667,0.0,3.75e-08
236,aten::mul,"(1, 1, 1)",M,0.0024390243902439024,0.3333333333333333,6.666666666666667e-09,0.006266666666666667,1.0,2e-09,1e-06,1e-06,1e-06,3e-06,0.3,0.3,0.3,1.5284552845528455e-05,0.006266666666666667,0.0,3.75e-08
237,aten::mul,"(1, 1, 1)",M,0.0024390243902439024,0.3333333333333333,6.666666666666667e-09,0.006266666666666667,1.0,2e-09,1e-06,1e-06,1e-06,3e-06,0.3,0.3,0.3,1.5284552845528455e-05,0.006266666666666667,0.0,3.75e-08
238,aten::_convolution,"([36, 80, 7, 7], [240, 80, 1, 1], [36, 240, 7, 7])",M,0.42458279845956354,58.026315789473685,0.0012970666666666667,1219.2426666666665,1.0,0.0677376,0.14112,0.0192,0.42336,0.58368,52.22368421052632,52.22368421052632,52.22368421052632,517.6694634146342,1219.2426666666665,0.0,346860.33009213
239,aten::mul,"(1, 1, 1)",M,0.0024390243902439024,0.3333333333333333,6.666666666666667e-09,0.006266666666666667,1.0,2e-09,1e-06,1e-06,1e-06,3e-06,0.3,0.3,0.3,1.5284552845528455e-05,0.006266666666666667,0.0,3.75e-08
240,aten::mul_,"(1, 1, 1)",M,0.0024390243902439024,0.3333333333333333,6.666666666666667e-09,0.006266666666666667,1.0,2e-09,1e-06,1e-06,1e-06,3e-06,0.3,0.3,0.3,1.5284552845528455e-05,0.006266666666666667,0.0,3.75e-08
241,aten::mul,"(1, 1, 1)",M,0.0024390243902439024,0.3333333333333333,6.666666666666667e-09,0.006266666666666667,1.0,2e-09,1e-06,1e-06,1e-06,3e-06,0.3,0.3,0.3,1.5284552845528455e-05,0.006266666666666667,0.0,3.75e-08
242,aten::mul,"(1, 1, 1)",M,0.0024390243902439024,0.3333333333333333,6.666666666666667e-09,0.006266666666666667,1.0,2e-09,1e-06,1e-06,1e-06,3e-06,0.3,0.3,0.3,1.5284552845528455e-05,0.006266666666666667,0.0,3.75e-08
243,aten::mul,"(1, 1, 1)",M,0.0024390243902439024,0.3333333333333333,6.666666666666667e-09,0.006266666666666667,1.0,2e-09,1e-06,1e-06,1e-06,3e-06,0.3,0.3,0.3,1.5284552845528455e-05,0.006266666666666667,0.0,3.75e-08
244,aten::mul_,"(1, 1, 1)",M,0.0024390243902439024,0.3333333333333333,6.666666666666667e-09,0.006266666666666667,1.0,2e-09,1e-06,1e-06,1e-06,3e-06,0.3,0.3,0.3,1.5284552845528455e-05,0.006266666666666667,0.0,3.75e-08
245,aten::mul,"(1, 1, 1)",M,0.0024390243902439024,0.3333333333333333,6.666666666666667e-09,0.006266666666666667,1.0,2e-09,1e-06,1e-06,1e-06,3e-06,0.3,0.3,0.3,1.5284552845528455e-05,0.006266666666666667,0.0,3.75e-08
246,aten::mul_,"(1, 1, 1)",M,0.0024390243902439024,0.3333333333333333,6.666666666666667e-09,0.006266666666666667,1.0,2e-09,1e-06,1e-06,1e-06,3e-06,0.3,0.3,0.3,1.5284552845528455e-05,0.006266666666666667,0.0,3.75e-08
247,aten::_convolution,"([1, 240, 40, 40], [240, 1, 5, 5], [1, 240, 40, 40])",M,0.09075439591605218,12.4031007751938,0.00172,1616.8,1.0,0.0192,0.384,0.006,0.384,0.774,11.162790697674417,11.162790697674417,11.162790697674417,146.7317073170732,1616.8,0.0,1402201.8823514567
248,aten::batch_norm,"([1, 240, 40, 40], [1, 240, 40, 40])",M,0.0036585365853658534,0.5,0.0017066666666666667,1604.2666666666667,1.0,0.000768,0.384,0.0,0.384,0.768,0.45,0.45,0.45,5.869268292682927,1604.2666666666667,0.0,0.0
249,aten::_convolution,"([1, 240, 40, 40], [80, 240, 1, 1], [1, 80, 40, 40])",M,0.4231560387893035,57.83132530120482,0.0011804444444444442,1109.6177777777777,1.0,0.06144,0.384,0.0192,0.128,0.5312,52.048192771084345,52.048192771084345,52.048192771084345,469.5414634146341,1109.6177777777777,0.0,1402201.8828464567
250,aten::layer_norm,"([1, 40, 40, 80], [1, 40, 40, 80])",M,0.0036585365853658534,0.5,0.0005688888888888889,534.7555555555556,1.0,0.000256,0.128,0.0,0.128,0.256,0.45,0.45,0.45,1.9564227642276422,534.7555555555556,0.0,0.0
251,aten::mul,"(1, 1, 1)",M,0.0024390243902439024,0.3333333333333333,6.666666666666667e-09,0.006266666666666667,1.0,2e-09,1e-06,1e-06,1e-06,3e-06,0.3,0.3,0.3,1.5284552845528455e-05,0.006266666666666667,0.0,3.75e-08
252,aten::mul,"(1, 1, 1)",M,0.0024390243902439024,0.3333333333333333,6.666666666666667e-09,0.006266666666666667,1.0,2e-09,1e-06,1e-06,1e-06,3e-06,0.3,0.3,0.3,1.5284552845528455e-05,0.006266666666666667,0.0,3.75e-08
253,aten::mul,"(1, 1, 1)",M,0.0024390243902439024,0.3333333333333333,6.666666666666667e-09,0.006266666666666667,1.0,2e-09,1e-06,1e-06,1e-06,3e-06,0.3,0.3,0.3,1.5284552845528455e-05,0.006266666666666667,0.0,3.75e-08
254,aten::mul_,"(1, 1, 1)",M,0.0024390243902439024,0.3333333333333333,6.666666666666667e-09,0.006266666666666667,1.0,2e-09,1e-06,1e-06,1e-06,3e-06,0.3,0.3,0.3,1.5284552845528455e-05,0.006266666666666667,0.0,3.75e-08
255,aten::mul_,"(1, 1, 1)",M,0.0024390243902439024,0.3333333333333333,6.666666666666667e-09,0.006266666666666667,1.0,2e-09,1e-06,1e-06,1e-06,3e-06,0.3,0.3,0.3,1.5284552845528455e-05,0.006266666666666667,0.0,3.75e-08
256,aten::mul,"(1, 1, 1)",M,0.0024390243902439024,0.3333333333333333,6.666666666666667e-09,0.006266666666666667,1.0,2e-09,1e-06,1e-06,1e-06,3e-06,0.3,0.3,0.3,1.5284552845528455e-05,0.006266666666666667,0.0,3.75e-08
257,aten::mul,"(1, 1, 1)",M,0.0024390243902439024,0.3333333333333333,6.666666666666667e-09,0.006266666666666667,1.0,2e-09,1e-06,1e-06,1e-06,3e-06,0.3,0.3,0.3,1.5284552845528455e-05,0.006266666666666667,0.0,3.75e-08
258,aten::mul,"(1, 1, 1)",M,0.0024390243902439024,0.3333333333333333,6.666666666666667e-09,0.006266666666666667,1.0,2e-09,1e-06,1e-06,1e-06,3e-06,0.3,0.3,0.3,1.5284552845528455e-05,0.006266666666666667,0.0,3.75e-08
259,aten::_convolution,"([36, 80, 7, 7], [160, 80, 1, 1], [36, 160, 7, 7])",M,0.3787914034679599,51.768158473954514,0.0009692444444444443,911.0897777777777,1.0,0.0451584,0.14112,0.0128,0.28224,0.43616,46.59134262655906,46.59134262655906,46.59134262655906,345.1129756097561,911.0897777777777,0.0,346860.32985213
260,aten::mul,"(1, 1, 1)",M,0.0024390243902439024,0.3333333333333333,6.666666666666667e-09,0.006266666666666667,1.0,2e-09,1e-06,1e-06,1e-06,3e-06,0.3,0.3,0.3,1.5284552845528455e-05,0.006266666666666667,0.0,3.75e-08
261,aten::mul,"(1, 1, 1)",M,0.0024390243902439024,0.3333333333333333,6.666666666666667e-09,0.006266666666666667,1.0,2e-09,1e-06,1e-06,1e-06,3e-06,0.3,0.3,0.3,1.5284552845528455e-05,0.006266666666666667,0.0,3.75e-08
262,aten::mul_,"(1, 1, 1)",M,0.0024390243902439024,0.3333333333333333,6.666666666666667e-09,0.006266666666666667,1.0,2e-09,1e-06,1e-06,1e-06,3e-06,0.3,0.3,0.3,1.5284552845528455e-05,0.006266666666666667,0.0,3.75e-08
263,aten::matmul,"([36, 4, 49, 20], [36, 4, 20, 49], [36, 4, 49, 49])",M,0.0805700191833379,11.01123595505618,0.0013955200000000001,1311.7888,1.0,0.01382976,0.14112,0.14112,0.345744,0.627984,9.91011235955056,9.91011235955056,9.91011235955056,105.69084878048781,1311.7888,0.0,885600.6326674857
264,aten::mul,"([36, 4, 49, 49], 1, [36, 4, 49, 49])",M,0.0036585312945563316,0.4999992769226987,0.0015366422222222224,1444.443688888889,1.0,0.000691488,0.345744,1e-06,0.345744,0.691489,0.4499993492304288,0.4499993492304288,0.4499993492304288,5.28454243902439,1444.443688888889,0.0,3.75e-08
265,aten::mul,"(1, 1, 1)",M,0.0024390243902439024,0.3333333333333333,6.666666666666667e-09,0.006266666666666667,1.0,2e-09,1e-06,1e-06,1e-06,3e-06,0.3,0.3,0.3,1.5284552845528455e-05,0.006266666666666667,0.0,3.75e-08
266,aten::mul,"(1, 1, 1)",M,0.0024390243902439024,0.3333333333333333,6.666666666666667e-09,0.006266666666666667,1.0,2e-09,1e-06,1e-06,1e-06,3e-06,0.3,0.3,0.3,1.5284552845528455e-05,0.006266666666666667,0.0,3.75e-08
267,aten::mul_,"(1, 1, 1)",M,0.0024390243902439024,0.3333333333333333,6.666666666666667e-09,0.006266666666666667,1.0,2e-09,1e-06,1e-06,1e-06,3e-06,0.3,0.3,0.3,1.5284552845528455e-05,0.006266666666666667,0.0,3.75e-08
268,aten::mul,"(1, 1, 1)",M,0.0024390243902439024,0.3333333333333333,6.666666666666667e-09,0.006266666666666667,1.0,2e-09,1e-06,1e-06,1e-06,3e-06,0.3,0.3,0.3,1.5284552845528455e-05,0.006266666666666667,0.0,3.75e-08
269,aten::matmul,"([36, 4, 49, 49], [36, 4, 49, 20], [36, 4, 49, 20])",M,0.0805700191833379,11.01123595505618,0.0013955200000000001,1311.7888,1.0,0.01382976,0.345744,0.14112,0.14112,0.627984,9.91011235955056,9.91011235955056,9.91011235955056,105.69084878048781,1311.7888,0.0,762600.9463552284
270,aten::mul,"(1, 1, 1)",M,0.0024390243902439024,0.3333333333333333,6.666666666666667e-09,0.006266666666666667,1.0,2e-09,1e-06,1e-06,1e-06,3e-06,0.3,0.3,0.3,1.5284552845528455e-05,0.006266666666666667,0.0,3.75e-08
271,aten::mul,"(1, 1, 1)",M,0.0024390243902439024,0.3333333333333333,6.666666666666667e-09,0.006266666666666667,1.0,2e-09,1e-06,1e-06,1e-06,3e-06,0.3,0.3,0.3,1.5284552845528455e-05,0.006266666666666667,0.0,3.75e-08
272,aten::mul,"(1, 1, 1)",M,0.0024390243902439024,0.3333333333333333,6.666666666666667e-09,0.006266666666666667,1.0,2e-09,1e-06,1e-06,1e-06,3e-06,0.3,0.3,0.3,1.5284552845528455e-05,0.006266666666666667,0.0,3.75e-08
273,aten::mul,"(1, 1, 1)",M,0.0024390243902439024,0.3333333333333333,6.666666666666667e-09,0.006266666666666667,1.0,2e-09,1e-06,1e-06,1e-06,3e-06,0.3,0.3,0.3,1.5284552845528455e-05,0.006266666666666667,0.0,3.75e-08
274,aten::_convolution,"([36, 80, 7, 7], [240, 80, 1, 1], [36, 240, 7, 7])",M,0.42458279845956354,58.026315789473685,0.0012970666666666667,1219.2426666666665,1.0,0.0677376,0.14112,0.0192,0.42336,0.58368,52.22368421052632,52.22368421052632,52.22368421052632,517.6694634146342,1219.2426666666665,0.0,346860.33009213
275,aten::mul,"(1, 1, 1)",M,0.0024390243902439024,0.3333333333333333,6.666666666666667e-09,0.006266666666666667,1.0,2e-09,1e-06,1e-06,1e-06,3e-06,0.3,0.3,0.3,1.5284552845528455e-05,0.006266666666666667,0.0,3.75e-08
276,aten::mul_,"(1, 1, 1)",M,0.0024390243902439024,0.3333333333333333,6.666666666666667e-09,0.006266666666666667,1.0,2e-09,1e-06,1e-06,1e-06,3e-06,0.3,0.3,0.3,1.5284552845528455e-05,0.006266666666666667,0.0,3.75e-08
277,aten::mul,"(1, 1, 1)",M,0.0024390243902439024,0.3333333333333333,6.666666666666667e-09,0.006266666666666667,1.0,2e-09,1e-06,1e-06,1e-06,3e-06,0.3,0.3,0.3,1.5284552845528455e-05,0.006266666666666667,0.0,3.75e-08
278,aten::mul,"(1, 1, 1)",M,0.0024390243902439024,0.3333333333333333,6.666666666666667e-09,0.006266666666666667,1.0,2e-09,1e-06,1e-06,1e-06,3e-06,0.3,0.3,0.3,1.5284552845528455e-05,0.006266666666666667,0.0,3.75e-08
279,aten::mul,"(1, 1, 1)",M,0.0024390243902439024,0.3333333333333333,6.666666666666667e-09,0.006266666666666667,1.0,2e-09,1e-06,1e-06,1e-06,3e-06,0.3,0.3,0.3,1.5284552845528455e-05,0.006266666666666667,0.0,3.75e-08
280,aten::mul_,"(1, 1, 1)",M,0.0024390243902439024,0.3333333333333333,6.666666666666667e-09,0.006266666666666667,1.0,2e-09,1e-06,1e-06,1e-06,3e-06,0.3,0.3,0.3,1.5284552845528455e-05,0.006266666666666667,0.0,3.75e-08
281,aten::mul,"(1, 1, 1)",M,0.0024390243902439024,0.3333333333333333,6.666666666666667e-09,0.006266666666666667,1.0,2e-09,1e-06,1e-06,1e-06,3e-06,0.3,0.3,0.3,1.5284552845528455e-05,0.006266666666666667,0.0,3.75e-08
282,aten::mul_,"(1, 1, 1)",M,0.0024390243902439024,0.3333333333333333,6.666666666666667e-09,0.006266666666666667,1.0,2e-09,1e-06,1e-06,1e-06,3e-06,0.3,0.3,0.3,1.5284552845528455e-05,0.006266666666666667,0.0,3.75e-08
283,aten::_convolution,"([1, 240, 40, 40], [240, 1, 5, 5], [1, 240, 40, 40])",M,0.09075439591605218,12.4031007751938,0.00172,1616.8,1.0,0.0192,0.384,0.006,0.384,0.774,11.162790697674417,11.162790697674417,11.162790697674417,146.7317073170732,1616.8,0.0,1402201.8823514567
284,aten::batch_norm,"([1, 240, 40, 40], [1, 240, 40, 40])",M,0.0036585365853658534,0.5,0.0017066666666666667,1604.2666666666667,1.0,0.000768,0.384,0.0,0.384,0.768,0.45,0.45,0.45,5.869268292682927,1604.2666666666667,0.0,0.0
285,aten::_convolution,"([1, 240, 40, 40], [80, 240, 1, 1], [1, 80, 40, 40])",M,0.4231560387893035,57.83132530120482,0.0011804444444444442,1109.6177777777777,1.0,0.06144,0.384,0.0192,0.128,0.5312,52.048192771084345,52.048192771084345,52.048192771084345,469.5414634146341,1109.6177777777777,0.0,1402201.8828464567
286,aten::layer_norm,"([1, 40, 40, 80], [1, 40, 40, 80])",M,0.0036585365853658534,0.5,0.0005688888888888889,534.7555555555556,1.0,0.000256,0.128,0.0,0.128,0.256,0.45,0.45,0.45,1.9564227642276422,534.7555555555556,0.0,0.0
287,aten::_convolution,"([1, 80, 40, 40], [560, 80, 1, 1], [1, 560, 40, 40])",M,0.4907258653424857,67.06586826347305,0.0023751111111111113,2232.6044444444447,1.0,0.14336,0.128,0.0448,0.896,1.0688,60.359281437125745,60.359281437125745,60.359281437125745,1095.5967479674796,2232.6044444444447,0.0,1402201.8838064568
288,aten::_convolution,"([1, 560, 40, 40], [560, 1, 5, 5], [1, 560, 20, 20])",M,0.036133694670280034,4.938271604938271,0.00252,2368.8,1.0,0.0112,0.896,0.014,0.224,1.134,4.444444444444445,4.444444444444445,4.444444444444445,85.59349593495935,2368.8,0.0,762600.9415882285
289,aten::batch_norm,"([1, 560, 20, 20], [1, 560, 20, 20])",M,0.0036585365853658534,0.5,0.0009955555555555557,935.8222222222223,1.0,0.000448,0.224,0.0,0.224,0.448,0.44999999999999996,0.44999999999999996,0.44999999999999996,3.423739837398374,935.8222222222223,0.0,0.0
290,aten::_convolution,"([1, 560, 20, 20], [168, 560, 1, 1], [1, 168, 20, 20])",M,0.714690867838911,97.67441860465117,0.0008561777777777777,804.8071111111111,1.0,0.075264,0.224,0.09408,0.0672,0.38528,87.90697674418605,87.90697674418605,87.90697674418605,575.1882926829269,804.8071111111111,0.0,762600.9445912284
291,aten::layer_norm,"([1, 20, 20, 168], [1, 20, 20, 168])",M,0.003658536585365854,0.5,0.00029866666666666664,280.74666666666667,1.0,0.0001344,0.0672,0.0,0.0672,0.1344,0.45000000000000007,0.45000000000000007,0.45000000000000007,1.0271219512195122,280.74666666666667,0.0,0.0
292,aten::mul,"(1, 1, 1)",M,0.0024390243902439024,0.3333333333333333,6.666666666666667e-09,0.006266666666666667,1.0,2e-09,1e-06,1e-06,1e-06,3e-06,0.3,0.3,0.3,1.5284552845528455e-05,0.006266666666666667,0.0,3.75e-08
293,aten::mul,"(1, 1, 1)",M,0.0024390243902439024,0.3333333333333333,6.666666666666667e-09,0.006266666666666667,1.0,2e-09,1e-06,1e-06,1e-06,3e-06,0.3,0.3,0.3,1.5284552845528455e-05,0.006266666666666667,0.0,3.75e-08
294,aten::mul,"(1, 1, 1)",M,0.0024390243902439024,0.3333333333333333,6.666666666666667e-09,0.006266666666666667,1.0,2e-09,1e-06,1e-06,1e-06,3e-06,0.3,0.3,0.3,1.5284552845528455e-05,0.006266666666666667,0.0,3.75e-08
295,aten::mul_,"(1, 1, 1)",M,0.0024390243902439024,0.3333333333333333,6.666666666666667e-09,0.006266666666666667,1.0,2e-09,1e-06,1e-06,1e-06,3e-06,0.3,0.3,0.3,1.5284552845528455e-05,0.006266666666666667,0.0,3.75e-08
296,aten::mul_,"(1, 1, 1)",M,0.0024390243902439024,0.3333333333333333,6.666666666666667e-09,0.006266666666666667,1.0,2e-09,1e-06,1e-06,1e-06,3e-06,0.3,0.3,0.3,1.5284552845528455e-05,0.006266666666666667,0.0,3.75e-08
297,aten::mul,"(1, 1, 1)",M,0.0024390243902439024,0.3333333333333333,6.666666666666667e-09,0.006266666666666667,1.0,2e-09,1e-06,1e-06,1e-06,3e-06,0.3,0.3,0.3,1.5284552845528455e-05,0.006266666666666667,0.0,3.75e-08
298,aten::mul,"(1, 1, 1)",M,0.0024390243902439024,0.3333333333333333,6.666666666666667e-09,0.006266666666666667,1.0,2e-09,1e-06,1e-06,1e-06,3e-06,0.3,0.3,0.3,1.5284552845528455e-05,0.006266666666666667,0.0,3.75e-08
299,aten::mul,"(1, 1, 1)",M,0.0024390243902439024,0.3333333333333333,6.666666666666667e-09,0.006266666666666667,1.0,2e-09,1e-06,1e-06,1e-06,3e-06,0.3,0.3,0.3,1.5284552845528455e-05,0.006266666666666667,0.0,3.75e-08
300,aten::_convolution,"([9, 168, 7, 7], [336, 168, 1, 1], [9, 336, 7, 7])",M,0.6535350416795308,89.31645569620254,0.0006193599999999999,582.1983999999999,1.0,0.049787136,0.074088,0.056448,0.148176,0.278712,80.3848101265823,80.3848101265823,80.3848101265823,380.48705560975606,582.1983999999999,0.0,346860.3314889299
301,aten::mul,"(1, 1, 1)",M,0.0024390243902439024,0.3333333333333333,6.666666666666667e-09,0.006266666666666667,1.0,2e-09,1e-06,1e-06,1e-06,3e-06,0.3,0.3,0.3,1.5284552845528455e-05,0.006266666666666667,0.0,3.75e-08
302,aten::mul,"(1, 1, 1)",M,0.0024390243902439024,0.3333333333333333,6.666666666666667e-09,0.006266666666666667,1.0,2e-09,1e-06,1e-06,1e-06,3e-06,0.3,0.3,0.3,1.5284552845528455e-05,0.006266666666666667,0.0,3.75e-08
303,aten::mul_,"(1, 1, 1)",M,0.0024390243902439024,0.3333333333333333,6.666666666666667e-09,0.006266666666666667,1.0,2e-09,1e-06,1e-06,1e-06,3e-06,0.3,0.3,0.3,1.5284552845528455e-05,0.006266666666666667,0.0,3.75e-08
304,aten::matmul,"([9, 8, 49, 21], [9, 8, 21, 49], [9, 8, 49, 49])",M,0.08273921200750468,11.307692307692308,0.0007134400000000001,670.6336000000001,1.0,0.007260624,0.074088,0.074088,0.172872,0.321048,10.176923076923076,10.176923076923076,10.176923076923076,55.487695609756095,670.6336000000001,0.0,917580.6615225599
305,aten::mul,"([9, 8, 49, 49], 1, [9, 8, 49, 49])",M,0.003658526003762112,0.49999855384748876,0.0007683222222222223,722.222888888889,1.0,0.000345744,0.172872,1e-06,0.172872,0.345745,0.4499986984627398,0.4499986984627398,0.4499986984627398,2.642271219512195,722.222888888889,0.0,3.75e-08
306,aten::mul,"(1, 1, 1)",M,0.0024390243902439024,0.3333333333333333,6.666666666666667e-09,0.006266666666666667,1.0,2e-09,1e-06,1e-06,1e-06,3e-06,0.3,0.3,0.3,1.5284552845528455e-05,0.006266666666666667,0.0,3.75e-08
307,aten::mul,"(1, 1, 1)",M,0.0024390243902439024,0.3333333333333333,6.666666666666667e-09,0.006266666666666667,1.0,2e-09,1e-06,1e-06,1e-06,3e-06,0.3,0.3,0.3,1.5284552845528455e-05,0.006266666666666667,0.0,3.75e-08
308,aten::mul_,"(1, 1, 1)",M,0.0024390243902439024,0.3333333333333333,6.666666666666667e-09,0.006266666666666667,1.0,2e-09,1e-06,1e-06,1e-06,3e-06,0.3,0.3,0.3,1.5284552845528455e-05,0.006266666666666667,0.0,3.75e-08
309,aten::mul,"(1, 1, 1)",M,0.0024390243902439024,0.3333333333333333,6.666666666666667e-09,0.006266666666666667,1.0,2e-09,1e-06,1e-06,1e-06,3e-06,0.3,0.3,0.3,1.5284552845528455e-05,0.006266666666666667,0.0,3.75e-08
310,aten::matmul,"([9, 8, 49, 49], [9, 8, 49, 21], [9, 8, 49, 21])",M,0.08273921200750468,11.307692307692308,0.0007134400000000001,670.6336000000001,1.0,0.007260624,0.172872,0.074088,0.074088,0.321048,10.176923076923076,10.176923076923076,10.176923076923076,55.487695609756095,670.6336000000001,0.0,794580.9908946899
311,aten::mul,"(1, 1, 1)",M,0.0024390243902439024,0.3333333333333333,6.666666666666667e-09,0.006266666666666667,1.0,2e-09,1e-06,1e-06,1e-06,3e-06,0.3,0.3,0.3,1.5284552845528455e-05,0.006266666666666667,0.0,3.75e-08
312,aten::mul,"(1, 1, 1)",M,0.0024390243902439024,0.3333333333333333,6.666666666666667e-09,0.006266666666666667,1.0,2e-09,1e-06,1e-06,1e-06,3e-06,0.3,0.3,0.3,1.5284552845528455e-05,0.006266666666666667,0.0,3.75e-08
313,aten::mul,"(1, 1, 1)",M,0.0024390243902439024,0.3333333333333333,6.666666666666667e-09,0.006266666666666667,1.0,2e-09,1e-06,1e-06,1e-06,3e-06,0.3,0.3,0.3,1.5284552845528455e-05,0.006266666666666667,0.0,3.75e-08
314,aten::mul,"(1, 1, 1)",M,0.0024390243902439024,0.3333333333333333,6.666666666666667e-09,0.006266666666666667,1.0,2e-09,1e-06,1e-06,1e-06,3e-06,0.3,0.3,0.3,1.5284552845528455e-05,0.006266666666666667,0.0,3.75e-08
315,aten::_convolution,"([9, 168, 7, 7], [588, 168, 1, 1], [9, 588, 7, 7])",M,0.737560975609756,100.8,0.0009604000000000001,902.7760000000002,1.0,0.087127488,0.074088,0.098784,0.259308,0.43218,90.71999999999998,90.71999999999998,90.71999999999998,665.8523473170732,902.7760000000002,0.0,346860.33307652996
316,aten::mul,"(1, 1, 1)",M,0.0024390243902439024,0.3333333333333333,6.666666666666667e-09,0.006266666666666667,1.0,2e-09,1e-06,1e-06,1e-06,3e-06,0.3,0.3,0.3,1.5284552845528455e-05,0.006266666666666667,0.0,3.75e-08
317,aten::mul_,"(1, 1, 1)",M,0.0024390243902439024,0.3333333333333333,6.666666666666667e-09,0.006266666666666667,1.0,2e-09,1e-06,1e-06,1e-06,3e-06,0.3,0.3,0.3,1.5284552845528455e-05,0.006266666666666667,0.0,3.75e-08
318,aten::mul,"(1, 1, 1)",M,0.0024390243902439024,0.3333333333333333,6.666666666666667e-09,0.006266666666666667,1.0,2e-09,1e-06,1e-06,1e-06,3e-06,0.3,0.3,0.3,1.5284552845528455e-05,0.006266666666666667,0.0,3.75e-08
319,aten::mul,"(1, 1, 1)",M,0.0024390243902439024,0.3333333333333333,6.666666666666667e-09,0.006266666666666667,1.0,2e-09,1e-06,1e-06,1e-06,3e-06,0.3,0.3,0.3,1.5284552845528455e-05,0.006266666666666667,0.0,3.75e-08
320,aten::mul,"(1, 1, 1)",M,0.0024390243902439024,0.3333333333333333,6.666666666666667e-09,0.006266666666666667,1.0,2e-09,1e-06,1e-06,1e-06,3e-06,0.3,0.3,0.3,1.5284552845528455e-05,0.006266666666666667,0.0,3.75e-08
321,aten::mul_,"(1, 1, 1)",M,0.0024390243902439024,0.3333333333333333,6.666666666666667e-09,0.006266666666666667,1.0,2e-09,1e-06,1e-06,1e-06,3e-06,0.3,0.3,0.3,1.5284552845528455e-05,0.006266666666666667,0.0,3.75e-08
322,aten::mul,"(1, 1, 1)",M,0.0024390243902439024,0.3333333333333333,6.666666666666667e-09,0.006266666666666667,1.0,2e-09,1e-06,1e-06,1e-06,3e-06,0.3,0.3,0.3,1.5284552845528455e-05,0.006266666666666667,0.0,3.75e-08
323,aten::mul_,"(1, 1, 1)",M,0.0024390243902439024,0.3333333333333333,6.666666666666667e-09,0.006266666666666667,1.0,2e-09,1e-06,1e-06,1e-06,3e-06,0.3,0.3,0.3,1.5284552845528455e-05,0.006266666666666667,0.0,3.75e-08
324,aten::_convolution,"([1, 588, 20, 20], [588, 1, 5, 5], [1, 588, 20, 20])",M,0.08869179600886917,12.121212121212121,0.0010780000000000002,1013.32,1.0,0.01176,0.2352,0.0147,0.2352,0.4851,10.909090909090908,10.909090909090908,10.909090909090908,89.87317073170732,1013.32,0.0,762600.9416144784
325,aten::batch_norm,"([1, 588, 20, 20], [1, 588, 20, 20])",M,0.003658536585365854,0.5,0.0010453333333333334,982.6133333333333,1.0,0.0004704,0.2352,0.0,0.2352,0.4704,0.45,0.45,0.45,3.5949268292682928,982.6133333333333,0.0,0.0
326,aten::_convolution,"([1, 588, 20, 20], [168, 588, 1, 1], [1, 168, 20, 20])",M,0.7206765534992033,98.49246231155779,0.0008915199999999999,838.0287999999999,1.0,0.0790272,0.2352,0.098784,0.0672,0.401184,88.64321608040201,88.64321608040201,88.64321608040201,603.9477073170732,838.0287999999999,0.0,762600.9447676284
327,aten::layer_norm,"([1, 20, 20, 168], [1, 20, 20, 168])",M,0.003658536585365854,0.5,0.00029866666666666664,280.74666666666667,1.0,0.0001344,0.0672,0.0,0.0672,0.1344,0.45000000000000007,0.45000000000000007,0.45000000000000007,1.0271219512195122,280.74666666666667,0.0,0.0
328,aten::mul,"(1, 1, 1)",M,0.0024390243902439024,0.3333333333333333,6.666666666666667e-09,0.006266666666666667,1.0,2e-09,1e-06,1e-06,1e-06,3e-06,0.3,0.3,0.3,1.5284552845528455e-05,0.006266666666666667,0.0,3.75e-08
329,aten::mul,"(1, 1, 1)",M,0.0024390243902439024,0.3333333333333333,6.666666666666667e-09,0.006266666666666667,1.0,2e-09,1e-06,1e-06,1e-06,3e-06,0.3,0.3,0.3,1.5284552845528455e-05,0.006266666666666667,0.0,3.75e-08
330,aten::mul,"(1, 1, 1)",M,0.0024390243902439024,0.3333333333333333,6.666666666666667e-09,0.006266666666666667,1.0,2e-09,1e-06,1e-06,1e-06,3e-06,0.3,0.3,0.3,1.5284552845528455e-05,0.006266666666666667,0.0,3.75e-08
331,aten::mul_,"(1, 1, 1)",M,0.0024390243902439024,0.3333333333333333,6.666666666666667e-09,0.006266666666666667,1.0,2e-09,1e-06,1e-06,1e-06,3e-06,0.3,0.3,0.3,1.5284552845528455e-05,0.006266666666666667,0.0,3.75e-08
332,aten::mul_,"(1, 1, 1)",M,0.0024390243902439024,0.3333333333333333,6.666666666666667e-09,0.006266666666666667,1.0,2e-09,1e-06,1e-06,1e-06,3e-06,0.3,0.3,0.3,1.5284552845528455e-05,0.006266666666666667,0.0,3.75e-08
333,aten::mul,"(1, 1, 1)",M,0.0024390243902439024,0.3333333333333333,6.666666666666667e-09,0.006266666666666667,1.0,2e-09,1e-06,1e-06,1e-06,3e-06,0.3,0.3,0.3,1.5284552845528455e-05,0.006266666666666667,0.0,3.75e-08
334,aten::mul,"(1, 1, 1)",M,0.0024390243902439024,0.3333333333333333,6.666666666666667e-09,0.006266666666666667,1.0,2e-09,1e-06,1e-06,1e-06,3e-06,0.3,0.3,0.3,1.5284552845528455e-05,0.006266666666666667,0.0,3.75e-08
335,aten::mul,"(1, 1, 1)",M,0.0024390243902439024,0.3333333333333333,6.666666666666667e-09,0.006266666666666667,1.0,2e-09,1e-06,1e-06,1e-06,3e-06,0.3,0.3,0.3,1.5284552845528455e-05,0.006266666666666667,0.0,3.75e-08
336,aten::_convolution,"([9, 168, 7, 7], [336, 168, 1, 1], [9, 336, 7, 7])",M,0.6535350416795308,89.31645569620254,0.0006193599999999999,582.1983999999999,1.0,0.049787136,0.074088,0.056448,0.148176,0.278712,80.3848101265823,80.3848101265823,80.3848101265823,380.48705560975606,582.1983999999999,0.0,346860.3314889299
337,aten::mul,"(1, 1, 1)",M,0.0024390243902439024,0.3333333333333333,6.666666666666667e-09,0.006266666666666667,1.0,2e-09,1e-06,1e-06,1e-06,3e-06,0.3,0.3,0.3,1.5284552845528455e-05,0.006266666666666667,0.0,3.75e-08
338,aten::mul,"(1, 1, 1)",M,0.0024390243902439024,0.3333333333333333,6.666666666666667e-09,0.006266666666666667,1.0,2e-09,1e-06,1e-06,1e-06,3e-06,0.3,0.3,0.3,1.5284552845528455e-05,0.006266666666666667,0.0,3.75e-08
339,aten::mul_,"(1, 1, 1)",M,0.0024390243902439024,0.3333333333333333,6.666666666666667e-09,0.006266666666666667,1.0,2e-09,1e-06,1e-06,1e-06,3e-06,0.3,0.3,0.3,1.5284552845528455e-05,0.006266666666666667,0.0,3.75e-08
340,aten::matmul,"([9, 8, 49, 21], [9, 8, 21, 49], [9, 8, 49, 49])",M,0.08273921200750468,11.307692307692308,0.0007134400000000001,670.6336000000001,1.0,0.007260624,0.074088,0.074088,0.172872,0.321048,10.176923076923076,10.176923076923076,10.176923076923076,55.487695609756095,670.6336000000001,0.0,917580.6615225599
341,aten::mul,"([9, 8, 49, 49], 1, [9, 8, 49, 49])",M,0.003658526003762112,0.49999855384748876,0.0007683222222222223,722.222888888889,1.0,0.000345744,0.172872,1e-06,0.172872,0.345745,0.4499986984627398,0.4499986984627398,0.4499986984627398,2.642271219512195,722.222888888889,0.0,3.75e-08
342,aten::mul,"(1, 1, 1)",M,0.0024390243902439024,0.3333333333333333,6.666666666666667e-09,0.006266666666666667,1.0,2e-09,1e-06,1e-06,1e-06,3e-06,0.3,0.3,0.3,1.5284552845528455e-05,0.006266666666666667,0.0,3.75e-08
343,aten::mul,"(1, 1, 1)",M,0.0024390243902439024,0.3333333333333333,6.666666666666667e-09,0.006266666666666667,1.0,2e-09,1e-06,1e-06,1e-06,3e-06,0.3,0.3,0.3,1.5284552845528455e-05,0.006266666666666667,0.0,3.75e-08
344,aten::mul_,"(1, 1, 1)",M,0.0024390243902439024,0.3333333333333333,6.666666666666667e-09,0.006266666666666667,1.0,2e-09,1e-06,1e-06,1e-06,3e-06,0.3,0.3,0.3,1.5284552845528455e-05,0.006266666666666667,0.0,3.75e-08
345,aten::mul,"(1, 1, 1)",M,0.0024390243902439024,0.3333333333333333,6.666666666666667e-09,0.006266666666666667,1.0,2e-09,1e-06,1e-06,1e-06,3e-06,0.3,0.3,0.3,1.5284552845528455e-05,0.006266666666666667,0.0,3.75e-08
346,aten::matmul,"([9, 8, 49, 49], [9, 8, 49, 21], [9, 8, 49, 21])",M,0.08273921200750468,11.307692307692308,0.0007134400000000001,670.6336000000001,1.0,0.007260624,0.172872,0.074088,0.074088,0.321048,10.176923076923076,10.176923076923076,10.176923076923076,55.487695609756095,670.6336000000001,0.0,794580.9908946899
347,aten::mul,"(1, 1, 1)",M,0.0024390243902439024,0.3333333333333333,6.666666666666667e-09,0.006266666666666667,1.0,2e-09,1e-06,1e-06,1e-06,3e-06,0.3,0.3,0.3,1.5284552845528455e-05,0.006266666666666667,0.0,3.75e-08
348,aten::mul,"(1, 1, 1)",M,0.0024390243902439024,0.3333333333333333,6.666666666666667e-09,0.006266666666666667,1.0,2e-09,1e-06,1e-06,1e-06,3e-06,0.3,0.3,0.3,1.5284552845528455e-05,0.006266666666666667,0.0,3.75e-08
349,aten::mul,"(1, 1, 1)",M,0.0024390243902439024,0.3333333333333333,6.666666666666667e-09,0.006266666666666667,1.0,2e-09,1e-06,1e-06,1e-06,3e-06,0.3,0.3,0.3,1.5284552845528455e-05,0.006266666666666667,0.0,3.75e-08
350,aten::mul,"(1, 1, 1)",M,0.0024390243902439024,0.3333333333333333,6.666666666666667e-09,0.006266666666666667,1.0,2e-09,1e-06,1e-06,1e-06,3e-06,0.3,0.3,0.3,1.5284552845528455e-05,0.006266666666666667,0.0,3.75e-08
351,aten::_convolution,"([9, 168, 7, 7], [588, 168, 1, 1], [9, 588, 7, 7])",M,0.737560975609756,100.8,0.0009604000000000001,902.7760000000002,1.0,0.087127488,0.074088,0.098784,0.259308,0.43218,90.71999999999998,90.71999999999998,90.71999999999998,665.8523473170732,902.7760000000002,0.0,346860.33307652996
352,aten::mul,"(1, 1, 1)",M,0.0024390243902439024,0.3333333333333333,6.666666666666667e-09,0.006266666666666667,1.0,2e-09,1e-06,1e-06,1e-06,3e-06,0.3,0.3,0.3,1.5284552845528455e-05,0.006266666666666667,0.0,3.75e-08
353,aten::mul_,"(1, 1, 1)",M,0.0024390243902439024,0.3333333333333333,6.666666666666667e-09,0.006266666666666667,1.0,2e-09,1e-06,1e-06,1e-06,3e-06,0.3,0.3,0.3,1.5284552845528455e-05,0.006266666666666667,0.0,3.75e-08
354,aten::mul,"(1, 1, 1)",M,0.0024390243902439024,0.3333333333333333,6.666666666666667e-09,0.006266666666666667,1.0,2e-09,1e-06,1e-06,1e-06,3e-06,0.3,0.3,0.3,1.5284552845528455e-05,0.006266666666666667,0.0,3.75e-08
355,aten::mul,"(1, 1, 1)",M,0.0024390243902439024,0.3333333333333333,6.666666666666667e-09,0.006266666666666667,1.0,2e-09,1e-06,1e-06,1e-06,3e-06,0.3,0.3,0.3,1.5284552845528455e-05,0.006266666666666667,0.0,3.75e-08
356,aten::mul,"(1, 1, 1)",M,0.0024390243902439024,0.3333333333333333,6.666666666666667e-09,0.006266666666666667,1.0,2e-09,1e-06,1e-06,1e-06,3e-06,0.3,0.3,0.3,1.5284552845528455e-05,0.006266666666666667,0.0,3.75e-08
357,aten::mul_,"(1, 1, 1)",M,0.0024390243902439024,0.3333333333333333,6.666666666666667e-09,0.006266666666666667,1.0,2e-09,1e-06,1e-06,1e-06,3e-06,0.3,0.3,0.3,1.5284552845528455e-05,0.006266666666666667,0.0,3.75e-08
358,aten::mul,"(1, 1, 1)",M,0.0024390243902439024,0.3333333333333333,6.666666666666667e-09,0.006266666666666667,1.0,2e-09,1e-06,1e-06,1e-06,3e-06,0.3,0.3,0.3,1.5284552845528455e-05,0.006266666666666667,0.0,3.75e-08
359,aten::mul_,"(1, 1, 1)",M,0.0024390243902439024,0.3333333333333333,6.666666666666667e-09,0.006266666666666667,1.0,2e-09,1e-06,1e-06,1e-06,3e-06,0.3,0.3,0.3,1.5284552845528455e-05,0.006266666666666667,0.0,3.75e-08
360,aten::_convolution,"([1, 588, 20, 20], [588, 1, 5, 5], [1, 588, 20, 20])",M,0.08869179600886917,12.121212121212121,0.0010780000000000002,1013.32,1.0,0.01176,0.2352,0.0147,0.2352,0.4851,10.909090909090908,10.909090909090908,10.909090909090908,89.87317073170732,1013.32,0.0,762600.9416144784
361,aten::batch_norm,"([1, 588, 20, 20], [1, 588, 20, 20])",M,0.003658536585365854,0.5,0.0010453333333333334,982.6133333333333,1.0,0.0004704,0.2352,0.0,0.2352,0.4704,0.45,0.45,0.45,3.5949268292682928,982.6133333333333,0.0,0.0
362,aten::_convolution,"([1, 588, 20, 20], [168, 588, 1, 1], [1, 168, 20, 20])",M,0.7206765534992033,98.49246231155779,0.0008915199999999999,838.0287999999999,1.0,0.0790272,0.2352,0.098784,0.0672,0.401184,88.64321608040201,88.64321608040201,88.64321608040201,603.9477073170732,838.0287999999999,0.0,762600.9447676284
363,aten::_convolution,"([1, 48, 80, 80], [128, 48, 1, 1], [1, 128, 80, 80])",M,0.2540466634322763,34.719710669077756,0.0025167644444444442,2365.7585777777776,1.0,0.0786432,0.3072,0.006144,0.8192,1.132544,31.24773960216998,31.24773960216998,31.24773960216998,601.0130731707318,2365.7585777777776,0.0,2681403.7644833145
364,aten::group_norm,"([1, 128, 80, 80], [1, 128, 80, 80])",M,0.003658536585365854,0.5,0.003640888888888889,3422.4355555555553,1.0,0.0016384,0.8192,0.0,0.8192,1.6384,0.45,0.45,0.45,12.521105691056912,3422.4355555555553,0.0,0.0
365,aten::_convolution,"([1, 80, 40, 40], [128, 80, 1, 1], [1, 128, 40, 40])",M,0.34947215143793225,47.76119402985075,0.0007623111111111111,716.5724444444444,1.0,0.032768,0.128,0.01024,0.2048,0.34304,42.985074626865675,42.985074626865675,42.985074626865675,250.4221138211382,716.5724444444444,0.0,1402201.882510457
366,aten::group_norm,"([1, 128, 40, 40], [1, 128, 40, 40])",M,0.003658536585365854,0.5,0.0009102222222222222,855.6088888888888,1.0,0.0004096,0.2048,0.0,0.2048,0.4096,0.45,0.45,0.45,3.130276422764228,855.6088888888888,0.0,0.0
367,aten::_convolution,"([1, 168, 20, 20], [128, 168, 1, 1], [1, 128, 20, 20])",M,0.44986945752348645,61.48215919487649,0.00031089777777777776,292.2439111111111,1.0,0.0172032,0.0672,0.021504,0.0512,0.139904,55.33394327538883,55.33394327538883,55.33394327538883,131.47160975609756,292.2439111111111,0.0,762600.9418696284
368,aten::group_norm,"([1, 128, 20, 20], [1, 128, 20, 20])",M,0.003658536585365854,0.5,0.00022755555555555555,213.9022222222222,1.0,0.0001024,0.0512,0.0,0.0512,0.1024,0.45,0.45,0.45,0.782569105691057,213.9022222222222,0.0,0.0
369,aten::linear,"([400, 1, 128], [128, 128], [400, 1, 128])",M,0.40370058873002523,55.172413793103445,0.00026396444444444446,248.12657777777778,1.0,0.0131072,0.0512,0.016384,0.0512,0.118784,49.6551724137931,49.6551724137931,49.6551724137931,100.1688455284553,248.12657777777778,0.0,154980.04766756142
370,aten::linear,"([400, 1, 128], [128, 128], [400, 1, 128])",M,0.40370058873002523,55.172413793103445,0.00026396444444444446,248.12657777777778,1.0,0.0131072,0.0512,0.016384,0.0512,0.118784,49.6551724137931,49.6551724137931,49.6551724137931,100.1688455284553,248.12657777777778,0.0,154980.04766756142
371,aten::linear,"([400, 1, 128], [128, 128], [400, 1, 128])",M,0.40370058873002523,55.172413793103445,0.00026396444444444446,248.12657777777778,1.0,0.0131072,0.0512,0.016384,0.0512,0.118784,49.6551724137931,49.6551724137931,49.6551724137931,100.1688455284553,248.12657777777778,0.0,154980.04766756142
372,aten::mul,"(1, 1, 1)",M,0.0024390243902439024,0.3333333333333333,6.666666666666667e-09,0.006266666666666667,1.0,2e-09,1e-06,1e-06,1e-06,3e-06,0.3,0.3,0.3,1.5284552845528455e-05,0.006266666666666667,0.0,3.75e-08
373,aten::mul,"(1, 1, 1)",M,0.0024390243902439024,0.3333333333333333,6.666666666666667e-09,0.006266666666666667,1.0,2e-09,1e-06,1e-06,1e-06,3e-06,0.3,0.3,0.3,1.5284552845528455e-05,0.006266666666666667,0.0,3.75e-08
374,aten::mul,"(1, 1, 1)",M,0.0024390243902439024,0.3333333333333333,6.666666666666667e-09,0.006266666666666667,1.0,2e-09,1e-06,1e-06,1e-06,3e-06,0.3,0.3,0.3,1.5284552845528455e-05,0.006266666666666667,0.0,3.75e-08
375,aten::bmm,"((8, 400, 16), (8, 16, 400), (8, 400, 400))",M,0.10840108401084009,14.814814814814815,0.0030720000000000005,2887.6800000000003,1.0,0.04096,0.0512,0.0512,1.28,1.3824,13.333333333333332,13.333333333333332,13.333333333333332,313.02764227642274,2887.6800000000003,0.0,757680.5038203886
376,aten::bmm,"((8, 400, 400), (8, 400, 16), (8, 400, 16))",M,0.1084010840108401,14.814814814814815,0.003072,2887.68,1.0,0.04096,1.28,0.0512,0.0512,1.3824,13.333333333333334,13.333333333333334,13.333333333333334,313.02764227642274,2887.68,0.0,634680.7547705829
377,aten::mul,"(1, 1, 1)",M,0.0024390243902439024,0.3333333333333333,6.666666666666667e-09,0.006266666666666667,1.0,2e-09,1e-06,1e-06,1e-06,3e-06,0.3,0.3,0.3,1.5284552845528455e-05,0.006266666666666667,0.0,3.75e-08
378,aten::linear,"([400, 128], [128, 128], [400, 128])",M,0.40370058873002523,55.172413793103445,0.00026396444444444446,248.12657777777778,1.0,0.0131072,0.0512,0.016384,0.0512,0.118784,49.6551724137931,49.6551724137931,49.6551724137931,100.1688455284553,248.12657777777778,0.0,4216446.023419063
379,aten::layer_norm,"([1, 400, 128], [1, 400, 128])",M,0.003658536585365854,0.5,0.00022755555555555555,213.9022222222222,1.0,0.0001024,0.0512,0.0,0.0512,0.1024,0.45,0.45,0.45,0.782569105691057,213.9022222222222,0.0,0.0
380,aten::linear,"([1, 400, 128], [512, 128], [1, 400, 512])",M,0.5965511884418208,81.52866242038216,0.0007145244444444444,671.6529777777777,1.0,0.0524288,0.0512,0.065536,0.2048,0.321536,73.37579617834395,73.37579617834395,73.37579617834395,400.6753821138212,671.6529777777777,0.0,4216446.025262263
381,aten::linear,"([1, 400, 512], [128, 512], [1, 400, 128])",M,0.5965511884418208,81.52866242038216,0.0007145244444444445,671.6529777777778,1.0,0.0524288,0.2048,0.065536,0.0512,0.321536,73.37579617834393,73.37579617834393,73.37579617834393,400.6753821138212,671.6529777777778,0.0,4339444.017660708
382,aten::layer_norm,"([1, 400, 128], [1, 400, 128])",M,0.003658536585365854,0.5,0.00022755555555555555,213.9022222222222,1.0,0.0001024,0.0512,0.0,0.0512,0.1024,0.45,0.45,0.45,0.782569105691057,213.9022222222222,0.0,0.0
383,aten::_convolution,"([1, 128, 20, 20], [128, 128, 1, 1], [1, 128, 20, 20])",M,0.40370058873002523,55.172413793103445,0.00026396444444444446,248.12657777777778,1.0,0.0131072,0.0512,0.016384,0.0512,0.118784,49.6551724137931,49.6551724137931,49.6551724137931,100.1688455284553,248.12657777777778,0.0,762600.9416776286
384,aten::batch_norm,"([1, 128, 20, 20], [1, 128, 20, 20])",M,0.003658536585365854,0.5,0.00022755555555555555,213.9022222222222,1.0,0.0001024,0.0512,0.0,0.0512,0.1024,0.45,0.45,0.45,0.782569105691057,213.9022222222222,0.0,0.0
385,aten::_convolution,"([1, 256, 40, 40], [64, 256, 1, 1], [1, 64, 40, 40])",M,0.3630175836642088,49.6124031007752,0.0011741866666666666,1103.7354666666665,1.0,0.0524288,0.4096,0.016384,0.1024,0.528384,44.65116279069767,44.65116279069767,44.65116279069767,400.6753821138212,1103.7354666666665,0.0,1402201.8827408568
386,aten::batch_norm,"([1, 64, 40, 40], [1, 64, 40, 40])",M,0.003658536585365854,0.5,0.0004551111111111111,427.8044444444444,1.0,0.0002048,0.1024,0.0,0.1024,0.2048,0.45,0.45,0.45,1.565138211382114,427.8044444444444,0.0,0.0
387,aten::_convolution,"([1, 64, 40, 40], [64, 64, 3, 3], [1, 64, 40, 40])",C,1.7858619264158746,244.0677966101695,0.0009590634146341464,901.5196097560976,1.0,0.1179648,0.1024,0.036864,0.1024,0.241664,123.0,123.0,123.0,901.5196097560976,504.80924444444435,0.0,1402201.8835088569
388,aten::_convolution,"([1, 64, 40, 40], [64, 64, 3, 3], [1, 64, 40, 40])",C,1.7858619264158746,244.0677966101695,0.0009590634146341464,901.5196097560976,1.0,0.1179648,0.1024,0.036864,0.1024,0.241664,123.0,123.0,123.0,901.5196097560976,504.80924444444435,0.0,1402201.8835088569
389,aten::_convolution,"([1, 64, 40, 40], [64, 64, 3, 3], [1, 64, 40, 40])",C,1.7858619264158746,244.0677966101695,0.0009590634146341464,901.5196097560976,1.0,0.1179648,0.1024,0.036864,0.1024,0.241664,123.0,123.0,123.0,901.5196097560976,504.80924444444435,0.0,1402201.8835088569
390,aten::_convolution,"([1, 256, 40, 40], [64, 256, 1, 1], [1, 64, 40, 40])",M,0.3630175836642088,49.6124031007752,0.0011741866666666666,1103.7354666666665,1.0,0.0524288,0.4096,0.016384,0.1024,0.528384,44.65116279069767,44.65116279069767,44.65116279069767,400.6753821138212,1103.7354666666665,0.0,1402201.8827408568
391,aten::batch_norm,"([1, 64, 40, 40], [1, 64, 40, 40])",M,0.003658536585365854,0.5,0.0004551111111111111,427.8044444444444,1.0,0.0002048,0.1024,0.0,0.1024,0.2048,0.45,0.45,0.45,1.565138211382114,427.8044444444444,0.0,0.0
392,aten::_convolution,"([1, 64, 40, 40], [128, 64, 1, 1], [1, 128, 40, 40])",M,0.30408615774469433,41.55844155844156,0.000700871111111111,658.8188444444444,1.0,0.0262144,0.1024,0.008192,0.2048,0.315392,37.40259740259741,37.40259740259741,37.40259740259741,200.3376910569106,658.8188444444444,0.0,1402201.8824336568
393,aten::batch_norm,"([1, 128, 40, 40], [1, 128, 40, 40])",M,0.003658536585365854,0.5,0.0009102222222222222,855.6088888888888,1.0,0.0004096,0.2048,0.0,0.2048,0.4096,0.45,0.45,0.45,3.130276422764228,855.6088888888888,0.0,0.0
394,aten::_convolution,"([1, 128, 40, 40], [128, 128, 1, 1], [1, 128, 40, 40])",M,0.45028142589118203,61.53846153846154,0.0009466311111111111,889.8332444444444,1.0,0.0524288,0.2048,0.016384,0.2048,0.425984,55.38461538461538,55.38461538461538,55.38461538461538,400.6753821138212,889.8332444444444,0.0,1402201.8827408568
395,aten::batch_norm,"([1, 128, 40, 40], [1, 128, 40, 40])",M,0.003658536585365854,0.5,0.0009102222222222222,855.6088888888888,1.0,0.0004096,0.2048,0.0,0.2048,0.4096,0.45,0.45,0.45,3.130276422764228,855.6088888888888,0.0,0.0
396,aten::_convolution,"([1, 256, 80, 80], [64, 256, 1, 1], [1, 64, 80, 80])",M,0.37166085946573757,50.79365079365079,0.0045875199999999994,4312.2688,1.0,0.2097152,1.6384,0.016384,0.4096,2.064384,45.714285714285715,45.714285714285715,45.714285714285715,1602.7015284552847,4312.2688,0.0,2681403.764867314
397,aten::batch_norm,"([1, 64, 80, 80], [1, 64, 80, 80])",M,0.003658536585365854,0.5,0.0018204444444444444,1711.2177777777777,1.0,0.0008192,0.4096,0.0,0.4096,0.8192,0.45,0.45,0.45,6.260552845528456,1711.2177777777777,0.0,0.0
398,aten::_convolution,"([1, 64, 80, 80], [64, 64, 3, 3], [1, 64, 80, 80])",C,2.016571361885868,275.5980861244019,0.0038362536585365855,3606.0784390243903,1.0,0.4718592,0.4096,0.036864,0.4096,0.856064,123.0,123.0,123.0,3606.0784390243903,1788.2225777777776,0.0,2681403.7656353144
399,aten::_convolution,"([1, 64, 80, 80], [64, 64, 3, 3], [1, 64, 80, 80])",C,2.016571361885868,275.5980861244019,0.0038362536585365855,3606.0784390243903,1.0,0.4718592,0.4096,0.036864,0.4096,0.856064,123.0,123.0,123.0,3606.0784390243903,1788.2225777777776,0.0,2681403.7656353144
400,aten::_convolution,"([1, 64, 80, 80], [64, 64, 3, 3], [1, 64, 80, 80])",C,2.016571361885868,275.5980861244019,0.0038362536585365855,3606.0784390243903,1.0,0.4718592,0.4096,0.036864,0.4096,0.856064,123.0,123.0,123.0,3606.0784390243903,1788.2225777777776,0.0,2681403.7656353144
401,aten::_convolution,"([1, 256, 80, 80], [64, 256, 1, 1], [1, 64, 80, 80])",M,0.37166085946573757,50.79365079365079,0.0045875199999999994,4312.2688,1.0,0.2097152,1.6384,0.016384,0.4096,2.064384,45.714285714285715,45.714285714285715,45.714285714285715,1602.7015284552847,4312.2688,0.0,2681403.764867314
402,aten::batch_norm,"([1, 64, 80, 80], [1, 64, 80, 80])",M,0.003658536585365854,0.5,0.0018204444444444444,1711.2177777777777,1.0,0.0008192,0.4096,0.0,0.4096,0.8192,0.45,0.45,0.45,6.260552845528456,1711.2177777777777,0.0,0.0
403,aten::_convolution,"([1, 64, 80, 80], [128, 64, 1, 1], [1, 128, 80, 80])",M,0.31012760458730415,42.384105960264904,0.002748871111111111,2583.9388444444444,1.0,0.1048576,0.4096,0.008192,0.8192,1.236992,38.14569536423841,38.14569536423841,38.14569536423841,801.3507642276423,2583.9388444444444,0.0,2681403.764560114
404,aten::batch_norm,"([1, 128, 80, 80], [1, 128, 80, 80])",M,0.003658536585365854,0.5,0.003640888888888889,3422.4355555555553,1.0,0.0016384,0.8192,0.0,0.8192,1.6384,0.45,0.45,0.45,12.521105691056912,3422.4355555555553,0.0,0.0
405,aten::_convolution,"([1, 128, 80, 80], [128, 128, 3, 3], [1, 128, 40, 40])",C,1.4736483029165957,201.3986013986014,0.0038362536585365855,3606.0784390243903,1.0,0.4718592,0.8192,0.147456,0.2048,1.171456,123.0,123.0,123.0,3606.0784390243903,2447.041422222222,0.0,1402201.8876560568
406,aten::batch_norm,"([1, 128, 40, 40], [1, 128, 40, 40])",M,0.003658536585365854,0.5,0.0009102222222222222,855.6088888888888,1.0,0.0004096,0.2048,0.0,0.2048,0.4096,0.45,0.45,0.45,3.130276422764228,855.6088888888888,0.0,0.0
